,source,target,weight
0,0,0,0.0
1,0,1,0.0
2,0,2,0.0
3,0,3,0.0
4,0,4,0.0
5,0,5,0.0
6,0,6,0.0
7,0,7,0.0
8,0,8,0.0
9,0,9,0.0
10,0,10,0.0
11,0,11,0.0
12,0,12,0.0
13,0,13,0.0
14,0,14,0.0
15,0,15,0.0
16,0,16,0.0
17,0,17,0.0
18,0,18,0.0
19,0,19,0.0
20,0,20,0.0
21,0,21,0.0
22,0,22,0.0
23,0,23,0.0
24,0,24,0.0
25,0,25,0.0
26,0,26,0.0
27,0,27,0.0
28,0,28,0.0
29,0,29,0.0
30,0,30,0.0
31,0,31,0.0
32,0,32,0.0
33,0,33,0.0
34,0,34,0.0
35,0,35,0.0
36,0,36,0.0
37,0,37,0.0
38,0,38,0.0
39,0,39,0.0
40,0,40,0.0
41,0,41,0.0
42,0,42,0.0
43,0,43,0.0
44,0,44,0.0
45,0,45,0.0
46,0,46,0.0
47,0,47,0.0
48,0,48,0.0
49,0,49,0.0
50,0,50,0.0
51,0,51,0.0
52,0,52,0.0
53,0,53,0.0
54,0,54,0.0
55,0,55,0.0
56,0,56,0.0
57,0,57,0.0
58,0,58,0.0
59,0,59,0.0
60,0,60,0.0
61,1,0,0.0
62,1,1,0.0
63,1,2,0.0
64,1,3,0.0
65,1,4,0.0
66,1,5,0.0
67,1,6,0.0
68,1,7,0.0
69,1,8,0.0
70,1,9,0.0
71,1,10,0.0
72,1,11,0.0
73,1,12,0.0
74,1,13,0.0
75,1,14,0.0
76,1,15,0.0
77,1,16,0.0
78,1,17,0.0
79,1,18,0.0
80,1,19,0.0
81,1,20,0.0
82,1,21,0.0
83,1,22,0.0
84,1,23,0.0
85,1,24,0.0
86,1,25,0.0
87,1,26,0.0
88,1,27,0.0
89,1,28,0.0
90,1,29,0.0
91,1,30,0.0
92,1,31,0.0
93,1,32,0.0
94,1,33,0.0
95,1,34,0.0
96,1,35,0.0
97,1,36,0.0
98,1,37,0.0
99,1,38,0.0
100,1,39,0.0
101,1,40,0.0
102,1,41,0.0
103,1,42,0.0
104,1,43,0.0
105,1,44,0.0
106,1,45,0.0
107,1,46,0.0
108,1,47,0.0
109,1,48,0.0
110,1,49,0.0
111,1,50,0.0
112,1,51,0.0
113,1,52,0.0
114,1,53,0.0
115,1,54,0.0
116,1,55,0.0
117,1,56,0.0
118,1,57,0.0
119,1,58,0.0
120,1,59,0.0
121,1,60,0.0
122,2,0,0.0
123,2,1,0.0
124,2,2,0.0
125,2,3,0.0
126,2,4,0.0
127,2,5,0.0
128,2,6,0.0
129,2,7,0.0
130,2,8,0.0
131,2,9,0.0
132,2,10,0.0
133,2,11,0.0
134,2,12,0.0
135,2,13,0.0
136,2,14,0.0
137,2,15,0.0
138,2,16,0.0
139,2,17,0.0
140,2,18,0.0
141,2,19,0.0
142,2,20,0.0
143,2,21,0.0
144,2,22,0.0
145,2,23,0.0
146,2,24,0.0
147,2,25,0.0
148,2,26,0.0
149,2,27,0.0
150,2,28,0.0
151,2,29,0.0
152,2,30,0.0
153,2,31,0.0
154,2,32,0.0
155,2,33,0.0
156,2,34,0.0
157,2,35,0.0
158,2,36,0.0
159,2,37,0.0
160,2,38,0.0
161,2,39,0.0
162,2,40,0.0
163,2,41,0.0
164,2,42,0.0
165,2,43,0.0
166,2,44,0.0
167,2,45,0.0
168,2,46,0.0
169,2,47,0.0
170,2,48,0.0
171,2,49,0.0
172,2,50,0.0
173,2,51,0.0
174,2,52,0.0
175,2,53,0.0
176,2,54,0.0
177,2,55,0.0
178,2,56,0.0
179,2,57,0.0
180,2,58,0.0
181,2,59,0.0
182,2,60,0.0
183,3,0,0.0
184,3,1,0.0
185,3,2,0.0
186,3,3,0.0
187,3,4,0.0
188,3,5,0.0
189,3,6,0.0
190,3,7,0.0
191,3,8,0.0
192,3,9,0.0
193,3,10,0.0
194,3,11,0.0
195,3,12,0.0
196,3,13,0.0
197,3,14,0.0
198,3,15,0.0
199,3,16,0.0
200,3,17,0.0
201,3,18,0.0
202,3,19,0.0
203,3,20,0.0
204,3,21,0.0
205,3,22,0.0
206,3,23,0.0
207,3,24,0.0
208,3,25,0.0
209,3,26,0.0
210,3,27,0.0
211,3,28,0.0
212,3,29,0.0
213,3,30,0.0
214,3,31,0.0
215,3,32,0.0
216,3,33,0.0
217,3,34,0.0
218,3,35,0.0
219,3,36,0.0
220,3,37,0.0
221,3,38,0.0
222,3,39,0.0
223,3,40,0.0
224,3,41,0.0
225,3,42,0.0
226,3,43,0.0
227,3,44,0.0
228,3,45,0.0
229,3,46,0.0
230,3,47,0.0
231,3,48,0.0
232,3,49,0.0
233,3,50,0.0
234,3,51,0.0
235,3,52,0.0
236,3,53,0.0
237,3,54,0.0
238,3,55,0.0
239,3,56,0.0
240,3,57,0.0
241,3,58,0.0
242,3,59,0.0
243,3,60,0.0
244,4,0,0.0
245,4,1,0.0
246,4,2,0.0
247,4,3,0.0
248,4,4,0.0
249,4,5,0.0
250,4,6,0.0
251,4,7,0.0
252,4,8,0.0
253,4,9,0.0
254,4,10,0.0
255,4,11,0.0
256,4,12,0.0
257,4,13,0.0
258,4,14,0.0
259,4,15,0.0
260,4,16,0.0
261,4,17,0.0
262,4,18,0.0
263,4,19,0.0
264,4,20,0.0
265,4,21,0.0
266,4,22,0.0
267,4,23,0.0
268,4,24,0.0
269,4,25,0.0
270,4,26,0.0
271,4,27,0.0
272,4,28,0.0
273,4,29,0.0
274,4,30,0.0
275,4,31,0.0
276,4,32,0.0
277,4,33,0.0
278,4,34,0.0
279,4,35,0.0
280,4,36,0.0
281,4,37,0.0
282,4,38,0.0
283,4,39,0.0
284,4,40,0.0
285,4,41,0.0
286,4,42,0.0
287,4,43,0.0
288,4,44,0.0
289,4,45,0.0
290,4,46,0.0
291,4,47,0.0
292,4,48,0.0
293,4,49,0.0
294,4,50,0.0
295,4,51,0.0
296,4,52,0.0
297,4,53,0.0
298,4,54,0.0
299,4,55,0.0
300,4,56,0.0
301,4,57,0.0
302,4,58,0.0
303,4,59,0.0
304,4,60,0.0
305,5,0,0.0
306,5,1,0.0
307,5,2,0.0
308,5,3,0.0
309,5,4,0.0
310,5,5,0.0
311,5,6,0.0
312,5,7,0.0
313,5,8,0.0
314,5,9,0.0
315,5,10,0.0
316,5,11,0.0
317,5,12,0.0
318,5,13,0.0
319,5,14,0.0
320,5,15,0.0
321,5,16,0.0
322,5,17,0.0
323,5,18,0.0
324,5,19,0.0
325,5,20,0.0
326,5,21,0.0
327,5,22,0.0
328,5,23,0.0
329,5,24,0.0
330,5,25,0.0
331,5,26,0.0
332,5,27,0.0
333,5,28,0.0
334,5,29,0.0
335,5,30,0.0
336,5,31,0.0
337,5,32,0.0
338,5,33,0.0
339,5,34,0.0
340,5,35,0.0
341,5,36,0.0
342,5,37,0.0
343,5,38,0.0
344,5,39,0.0
345,5,40,0.0
346,5,41,0.0
347,5,42,0.0
348,5,43,0.0
349,5,44,0.0
350,5,45,0.0
351,5,46,0.0
352,5,47,0.0
353,5,48,0.0
354,5,49,0.0
355,5,50,0.0
356,5,51,0.0
357,5,52,0.0
358,5,53,0.0
359,5,54,0.0
360,5,55,0.0
361,5,56,0.0
362,5,57,0.0
363,5,58,0.0
364,5,59,0.0
365,5,60,0.0
366,6,0,0.0
367,6,1,0.0
368,6,2,0.0
369,6,3,0.0
370,6,4,0.0
371,6,5,0.0
372,6,6,0.0
373,6,7,0.0
374,6,8,0.0
375,6,9,0.0
376,6,10,0.0
377,6,11,0.0
378,6,12,0.0
379,6,13,0.0
380,6,14,0.0
381,6,15,0.0
382,6,16,0.0
383,6,17,0.0
384,6,18,0.0
385,6,19,0.0
386,6,20,0.0
387,6,21,0.0
388,6,22,0.0
389,6,23,0.0
390,6,24,0.0
391,6,25,0.0
392,6,26,0.0
393,6,27,0.0
394,6,28,0.0
395,6,29,0.0
396,6,30,0.0
397,6,31,0.0
398,6,32,0.0
399,6,33,0.0
400,6,34,0.0
401,6,35,0.0
402,6,36,0.0
403,6,37,0.0
404,6,38,0.0
405,6,39,0.0
406,6,40,0.0
407,6,41,0.0
408,6,42,0.0
409,6,43,0.0
410,6,44,0.0
411,6,45,0.0
412,6,46,0.0
413,6,47,0.0
414,6,48,0.0
415,6,49,0.0
416,6,50,0.0
417,6,51,0.0
418,6,52,0.0
419,6,53,0.0
420,6,54,0.0
421,6,55,0.0
422,6,56,0.0
423,6,57,0.0
424,6,58,0.0
425,6,59,0.0
426,6,60,0.0
427,7,0,0.0
428,7,1,0.0
429,7,2,0.0
430,7,3,0.0
431,7,4,0.0
432,7,5,0.0
433,7,6,0.0
434,7,7,0.0
435,7,8,0.0
436,7,9,0.0
437,7,10,0.0
438,7,11,0.0
439,7,12,0.0
440,7,13,0.0
441,7,14,0.0
442,7,15,0.0
443,7,16,0.0
444,7,17,0.0
445,7,18,0.0
446,7,19,0.0
447,7,20,0.0
448,7,21,0.0
449,7,22,0.0
450,7,23,0.0
451,7,24,0.0
452,7,25,0.0
453,7,26,0.0
454,7,27,0.0
455,7,28,0.0
456,7,29,0.0
457,7,30,0.0
458,7,31,0.0
459,7,32,0.0
460,7,33,0.0
461,7,34,0.0
462,7,35,0.0
463,7,36,0.0
464,7,37,0.0
465,7,38,0.0
466,7,39,0.0
467,7,40,0.0
468,7,41,0.0
469,7,42,0.0
470,7,43,0.0
471,7,44,0.0
472,7,45,0.0
473,7,46,0.0
474,7,47,0.0
475,7,48,0.0
476,7,49,0.0
477,7,50,0.0
478,7,51,0.0
479,7,52,0.0
480,7,53,0.0
481,7,54,0.0
482,7,55,0.0
483,7,56,0.0
484,7,57,0.0
485,7,58,0.0
486,7,59,0.0
487,7,60,0.0
488,8,0,0.0
489,8,1,0.0
490,8,2,0.0
491,8,3,0.0
492,8,4,0.0
493,8,5,0.0
494,8,6,0.0
495,8,7,0.0
496,8,8,0.0
497,8,9,0.0
498,8,10,0.0
499,8,11,0.0
500,8,12,0.0
501,8,13,0.0
502,8,14,0.0
503,8,15,0.0
504,8,16,0.0
505,8,17,0.0
506,8,18,0.0
507,8,19,0.0
508,8,20,0.0
509,8,21,0.0
510,8,22,0.0
511,8,23,0.0
512,8,24,0.0
513,8,25,0.0
514,8,26,0.0
515,8,27,0.0
516,8,28,0.0
517,8,29,0.0
518,8,30,0.0
519,8,31,0.0
520,8,32,0.0
521,8,33,0.0
522,8,34,0.0
523,8,35,0.0
524,8,36,0.0
525,8,37,0.0
526,8,38,0.0
527,8,39,0.0
528,8,40,0.0
529,8,41,0.0
530,8,42,0.0
531,8,43,0.0
532,8,44,0.0
533,8,45,0.0
534,8,46,0.0
535,8,47,0.0
536,8,48,0.0
537,8,49,0.0
538,8,50,0.0
539,8,51,0.0
540,8,52,0.0
541,8,53,0.0
542,8,54,0.0
543,8,55,0.0
544,8,56,0.0
545,8,57,0.0
546,8,58,0.0
547,8,59,0.0
548,8,60,0.0
549,9,0,0.0
550,9,1,0.0
551,9,2,0.0
552,9,3,0.0
553,9,4,0.0
554,9,5,0.0
555,9,6,0.0
556,9,7,0.0
557,9,8,0.0
558,9,9,0.0
559,9,10,0.0
560,9,11,0.0
561,9,12,0.0
562,9,13,0.0
563,9,14,0.0
564,9,15,0.0
565,9,16,0.0
566,9,17,0.0
567,9,18,0.0
568,9,19,0.0
569,9,20,0.0
570,9,21,0.0
571,9,22,0.0
572,9,23,0.0
573,9,24,0.0
574,9,25,0.0
575,9,26,0.0
576,9,27,0.0
577,9,28,0.0
578,9,29,0.0
579,9,30,0.0
580,9,31,0.0
581,9,32,0.0
582,9,33,0.0
583,9,34,0.0
584,9,35,0.0
585,9,36,0.0
586,9,37,0.0
587,9,38,0.0
588,9,39,0.0
589,9,40,0.0
590,9,41,0.0
591,9,42,0.0
592,9,43,0.0
593,9,44,0.0
594,9,45,0.0
595,9,46,0.0
596,9,47,0.0
597,9,48,0.0
598,9,49,0.0
599,9,50,0.0
600,9,51,0.0
601,9,52,0.0
602,9,53,0.0
603,9,54,0.0
604,9,55,0.0
605,9,56,0.0
606,9,57,0.0
607,9,58,0.0
608,9,59,0.0
609,9,60,0.0
610,10,0,0.0
611,10,1,0.0
612,10,2,0.0
613,10,3,0.0
614,10,4,0.0
615,10,5,0.0
616,10,6,0.0
617,10,7,0.0
618,10,8,0.0
619,10,9,0.0
620,10,10,0.0
621,10,11,0.0
622,10,12,0.0
623,10,13,0.0
624,10,14,0.0
625,10,15,0.0
626,10,16,0.0
627,10,17,0.0
628,10,18,0.0
629,10,19,0.0
630,10,20,0.0
631,10,21,0.0
632,10,22,0.0
633,10,23,0.0
634,10,24,0.0
635,10,25,0.0
636,10,26,0.0
637,10,27,0.0
638,10,28,0.0
639,10,29,0.0
640,10,30,0.0
641,10,31,0.0
642,10,32,0.0
643,10,33,0.0
644,10,34,0.0
645,10,35,0.0
646,10,36,0.0
647,10,37,0.0
648,10,38,0.0
649,10,39,0.0
650,10,40,0.0
651,10,41,0.0
652,10,42,0.0
653,10,43,0.0
654,10,44,0.0
655,10,45,0.0
656,10,46,0.0
657,10,47,0.0
658,10,48,0.0
659,10,49,0.0
660,10,50,0.0
661,10,51,0.0
662,10,52,0.0
663,10,53,0.0
664,10,54,0.0
665,10,55,0.0
666,10,56,0.0
667,10,57,0.0
668,10,58,0.0
669,10,59,0.0
670,10,60,0.0
671,11,0,0.0
672,11,1,0.0
673,11,2,0.0
674,11,3,0.0
675,11,4,0.0
676,11,5,0.0
677,11,6,0.0
678,11,7,0.0
679,11,8,0.0
680,11,9,0.0
681,11,10,0.0
682,11,11,0.0
683,11,12,0.0
684,11,13,0.0
685,11,14,0.0
686,11,15,0.0
687,11,16,0.0
688,11,17,0.0
689,11,18,0.0
690,11,19,0.0
691,11,20,0.0
692,11,21,0.0
693,11,22,0.0
694,11,23,0.0
695,11,24,0.0
696,11,25,0.0
697,11,26,0.0
698,11,27,0.0
699,11,28,0.0
700,11,29,0.0
701,11,30,0.0
702,11,31,0.0
703,11,32,0.0
704,11,33,0.0
705,11,34,0.0
706,11,35,0.0
707,11,36,0.0
708,11,37,0.0
709,11,38,0.0
710,11,39,0.0
711,11,40,0.0
712,11,41,0.0
713,11,42,0.0
714,11,43,0.0
715,11,44,0.0
716,11,45,0.0
717,11,46,0.0
718,11,47,0.0
719,11,48,0.0
720,11,49,0.0
721,11,50,0.0
722,11,51,0.0
723,11,52,0.0
724,11,53,0.0
725,11,54,0.0
726,11,55,0.0
727,11,56,0.0
728,11,57,0.0
729,11,58,0.0
730,11,59,0.0
731,11,60,0.0
732,12,0,0.0
733,12,1,0.0
734,12,2,0.0
735,12,3,0.0
736,12,4,0.0
737,12,5,0.0
738,12,6,0.0
739,12,7,0.0
740,12,8,0.0
741,12,9,0.0
742,12,10,0.0
743,12,11,0.0
744,12,12,0.0
745,12,13,0.0
746,12,14,0.0
747,12,15,0.0
748,12,16,0.0
749,12,17,0.0
750,12,18,0.0
751,12,19,0.0
752,12,20,0.0
753,12,21,0.0
754,12,22,0.0
755,12,23,0.0
756,12,24,0.0
757,12,25,0.0
758,12,26,0.0
759,12,27,0.0
760,12,28,0.0
761,12,29,0.0
762,12,30,0.0
763,12,31,0.0
764,12,32,0.0
765,12,33,0.0
766,12,34,0.0
767,12,35,0.0
768,12,36,0.0
769,12,37,0.0
770,12,38,0.0
771,12,39,0.0
772,12,40,0.0
773,12,41,0.0
774,12,42,0.0
775,12,43,0.0
776,12,44,0.0
777,12,45,0.0
778,12,46,0.0
779,12,47,0.0
780,12,48,0.0
781,12,49,0.0
782,12,50,0.0
783,12,51,0.0
784,12,52,0.0
785,12,53,0.0
786,12,54,0.0
787,12,55,0.0
788,12,56,0.0
789,12,57,0.0
790,12,58,0.0
791,12,59,0.0
792,12,60,0.0
793,13,0,0.0
794,13,1,0.0
795,13,2,0.0
796,13,3,0.0
797,13,4,0.0
798,13,5,0.0
799,13,6,0.0
800,13,7,0.0
801,13,8,0.0
802,13,9,0.0
803,13,10,0.0
804,13,11,0.0
805,13,12,0.0
806,13,13,0.0
807,13,14,0.0
808,13,15,0.0
809,13,16,0.0
810,13,17,0.0
811,13,18,0.0
812,13,19,0.0
813,13,20,0.0
814,13,21,0.0
815,13,22,0.0
816,13,23,0.0
817,13,24,0.0
818,13,25,0.0
819,13,26,0.0
820,13,27,0.0
821,13,28,0.0
822,13,29,0.0
823,13,30,0.0
824,13,31,0.0
825,13,32,0.0
826,13,33,0.0
827,13,34,0.0
828,13,35,0.0
829,13,36,0.0
830,13,37,0.0
831,13,38,0.0
832,13,39,0.0
833,13,40,0.0
834,13,41,0.0
835,13,42,0.0
836,13,43,0.0
837,13,44,0.0
838,13,45,0.0
839,13,46,0.0
840,13,47,0.0
841,13,48,0.0
842,13,49,0.0
843,13,50,0.0
844,13,51,0.0
845,13,52,0.0
846,13,53,0.0
847,13,54,0.0
848,13,55,0.0
849,13,56,0.0
850,13,57,0.0
851,13,58,0.0
852,13,59,0.0
853,13,60,0.0
854,14,0,0.0
855,14,1,0.0
856,14,2,0.0
857,14,3,0.0
858,14,4,0.0
859,14,5,0.0
860,14,6,0.0
861,14,7,0.0
862,14,8,0.0
863,14,9,0.0
864,14,10,0.0
865,14,11,0.0
866,14,12,0.0
867,14,13,0.0
868,14,14,0.0
869,14,15,0.0
870,14,16,0.0
871,14,17,0.0
872,14,18,0.0
873,14,19,0.0
874,14,20,0.0
875,14,21,0.0
876,14,22,0.0
877,14,23,0.0
878,14,24,0.0
879,14,25,0.0
880,14,26,0.0
881,14,27,0.0
882,14,28,0.0
883,14,29,0.0
884,14,30,0.0
885,14,31,0.0
886,14,32,0.0
887,14,33,0.0
888,14,34,0.0
889,14,35,0.0
890,14,36,0.0
891,14,37,0.0
892,14,38,0.0
893,14,39,0.0
894,14,40,0.0
895,14,41,0.0
896,14,42,0.0
897,14,43,0.0
898,14,44,0.0
899,14,45,0.0
900,14,46,0.0
901,14,47,0.0
902,14,48,0.0
903,14,49,0.0
904,14,50,0.0
905,14,51,0.0
906,14,52,0.0
907,14,53,0.0
908,14,54,0.0
909,14,55,0.0
910,14,56,0.0
911,14,57,0.0
912,14,58,0.0
913,14,59,0.0
914,14,60,0.0
915,15,0,0.0
916,15,1,0.0
917,15,2,0.0
918,15,3,0.0
919,15,4,0.0
920,15,5,0.0
921,15,6,0.0
922,15,7,0.0
923,15,8,0.0
924,15,9,0.0
925,15,10,0.0
926,15,11,0.0
927,15,12,0.0
928,15,13,0.0
929,15,14,0.0
930,15,15,0.0
931,15,16,0.0
932,15,17,0.0
933,15,18,0.0
934,15,19,0.0
935,15,20,0.0
936,15,21,0.0
937,15,22,0.0
938,15,23,0.0
939,15,24,0.0
940,15,25,0.0
941,15,26,0.0
942,15,27,0.0
943,15,28,0.0
944,15,29,0.0
945,15,30,0.0
946,15,31,0.0
947,15,32,0.0
948,15,33,0.0
949,15,34,0.0
950,15,35,0.0
951,15,36,0.0
952,15,37,0.0
953,15,38,0.0
954,15,39,0.0
955,15,40,0.0
956,15,41,0.0
957,15,42,0.0
958,15,43,0.0
959,15,44,0.0
960,15,45,0.0
961,15,46,0.0
962,15,47,0.0
963,15,48,0.0
964,15,49,0.0
965,15,50,0.0
966,15,51,0.0
967,15,52,0.0
968,15,53,0.0
969,15,54,0.0
970,15,55,0.0
971,15,56,0.0
972,15,57,0.0
973,15,58,0.0
974,15,59,0.0
975,15,60,0.0
976,16,0,0.0
977,16,1,0.0
978,16,2,0.0
979,16,3,0.0
980,16,4,0.0
981,16,5,0.0
982,16,6,0.0
983,16,7,0.0
984,16,8,0.0
985,16,9,0.0
986,16,10,0.0
987,16,11,0.0
988,16,12,0.0
989,16,13,0.0
990,16,14,0.0
991,16,15,0.0
992,16,16,0.0
993,16,17,0.0
994,16,18,0.0
995,16,19,0.0
996,16,20,0.0
997,16,21,0.0
998,16,22,0.0
999,16,23,0.0
1000,16,24,0.0
1001,16,25,0.0
1002,16,26,0.0
1003,16,27,0.0
1004,16,28,0.0
1005,16,29,0.0
1006,16,30,0.0
1007,16,31,0.0
1008,16,32,0.0
1009,16,33,0.0
1010,16,34,0.0
1011,16,35,0.0
1012,16,36,0.0
1013,16,37,0.0
1014,16,38,0.0
1015,16,39,0.0
1016,16,40,0.0
1017,16,41,0.0
1018,16,42,0.0
1019,16,43,0.0
1020,16,44,0.0
1021,16,45,0.0
1022,16,46,0.0
1023,16,47,0.0
1024,16,48,0.0
1025,16,49,0.0
1026,16,50,0.0
1027,16,51,0.0
1028,16,52,0.0
1029,16,53,0.0
1030,16,54,0.0
1031,16,55,0.0
1032,16,56,0.0
1033,16,57,0.0
1034,16,58,0.0
1035,16,59,0.0
1036,16,60,0.0
1037,17,0,0.0
1038,17,1,0.0
1039,17,2,0.0
1040,17,3,0.0
1041,17,4,0.0
1042,17,5,0.0
1043,17,6,0.0
1044,17,7,0.0
1045,17,8,0.0
1046,17,9,0.0
1047,17,10,0.0
1048,17,11,0.0
1049,17,12,0.0
1050,17,13,0.0
1051,17,14,0.0
1052,17,15,0.0
1053,17,16,0.0
1054,17,17,0.0
1055,17,18,0.0
1056,17,19,0.0
1057,17,20,0.0
1058,17,21,0.0
1059,17,22,0.0
1060,17,23,0.0
1061,17,24,0.0
1062,17,25,0.0
1063,17,26,0.0
1064,17,27,0.0
1065,17,28,0.0
1066,17,29,0.0
1067,17,30,0.0
1068,17,31,0.0
1069,17,32,0.0
1070,17,33,0.0
1071,17,34,0.0
1072,17,35,0.0
1073,17,36,0.0
1074,17,37,0.0
1075,17,38,0.0
1076,17,39,0.0
1077,17,40,0.0
1078,17,41,0.0
1079,17,42,0.0
1080,17,43,0.0
1081,17,44,0.0
1082,17,45,0.0
1083,17,46,0.0
1084,17,47,0.0
1085,17,48,0.0
1086,17,49,0.0
1087,17,50,0.0
1088,17,51,0.0
1089,17,52,0.0
1090,17,53,0.0
1091,17,54,0.0
1092,17,55,0.0
1093,17,56,0.0
1094,17,57,0.0
1095,17,58,0.0
1096,17,59,0.0
1097,17,60,0.0
1098,18,0,0.0
1099,18,1,0.0
1100,18,2,0.0
1101,18,3,0.0
1102,18,4,0.0
1103,18,5,0.0
1104,18,6,0.0
1105,18,7,0.0
1106,18,8,0.0
1107,18,9,0.0
1108,18,10,0.0
1109,18,11,0.0
1110,18,12,0.0
1111,18,13,0.0
1112,18,14,0.0
1113,18,15,0.0
1114,18,16,0.0
1115,18,17,0.0
1116,18,18,0.0
1117,18,19,0.0
1118,18,20,0.0
1119,18,21,0.0
1120,18,22,0.0
1121,18,23,0.0
1122,18,24,0.0
1123,18,25,0.0
1124,18,26,0.0
1125,18,27,0.0
1126,18,28,0.0
1127,18,29,0.0
1128,18,30,0.0
1129,18,31,0.0
1130,18,32,0.0
1131,18,33,0.0
1132,18,34,0.0
1133,18,35,0.0
1134,18,36,0.0
1135,18,37,0.0
1136,18,38,0.0
1137,18,39,0.0
1138,18,40,0.0
1139,18,41,0.0
1140,18,42,0.0
1141,18,43,0.0
1142,18,44,0.0
1143,18,45,0.0
1144,18,46,0.0
1145,18,47,0.0
1146,18,48,0.0
1147,18,49,0.0
1148,18,50,0.0
1149,18,51,0.0
1150,18,52,0.0
1151,18,53,0.0
1152,18,54,0.0
1153,18,55,0.0
1154,18,56,0.0
1155,18,57,0.0
1156,18,58,0.0
1157,18,59,0.0
1158,18,60,0.0
1159,19,0,0.0
1160,19,1,0.0
1161,19,2,0.0
1162,19,3,0.0
1163,19,4,0.0
1164,19,5,0.0
1165,19,6,0.0
1166,19,7,0.0
1167,19,8,0.0
1168,19,9,0.0
1169,19,10,0.0
1170,19,11,0.0
1171,19,12,0.0
1172,19,13,0.0
1173,19,14,0.0
1174,19,15,0.0
1175,19,16,0.0
1176,19,17,0.0
1177,19,18,0.0
1178,19,19,0.0
1179,19,20,0.0
1180,19,21,0.0
1181,19,22,0.0
1182,19,23,0.0
1183,19,24,0.0
1184,19,25,0.0
1185,19,26,0.0
1186,19,27,0.0
1187,19,28,0.0
1188,19,29,0.0
1189,19,30,0.0
1190,19,31,0.0
1191,19,32,0.0
1192,19,33,0.0
1193,19,34,0.0
1194,19,35,0.0
1195,19,36,0.0
1196,19,37,0.0
1197,19,38,0.0
1198,19,39,0.0
1199,19,40,0.0
1200,19,41,0.0
1201,19,42,0.0
1202,19,43,0.0
1203,19,44,0.0
1204,19,45,0.0
1205,19,46,0.0
1206,19,47,0.0
1207,19,48,0.0
1208,19,49,0.0
1209,19,50,0.0
1210,19,51,0.0
1211,19,52,0.0
1212,19,53,0.0
1213,19,54,0.0
1214,19,55,0.0
1215,19,56,0.0
1216,19,57,0.0
1217,19,58,0.0
1218,19,59,0.0
1219,19,60,0.0
1220,20,0,0.0
1221,20,1,0.0
1222,20,2,0.0
1223,20,3,0.0
1224,20,4,0.0
1225,20,5,0.0
1226,20,6,0.0
1227,20,7,0.0
1228,20,8,0.0
1229,20,9,0.0
1230,20,10,0.0
1231,20,11,0.0
1232,20,12,0.0
1233,20,13,0.0
1234,20,14,0.0
1235,20,15,0.0
1236,20,16,0.0
1237,20,17,0.0
1238,20,18,0.0
1239,20,19,0.0
1240,20,20,0.0
1241,20,21,0.0
1242,20,22,0.0
1243,20,23,0.0
1244,20,24,0.0
1245,20,25,0.0
1246,20,26,0.0
1247,20,27,0.0
1248,20,28,0.0
1249,20,29,0.0
1250,20,30,0.0
1251,20,31,0.0
1252,20,32,0.0
1253,20,33,0.0
1254,20,34,0.0
1255,20,35,0.0
1256,20,36,0.0
1257,20,37,0.0
1258,20,38,0.0
1259,20,39,0.0
1260,20,40,0.0
1261,20,41,0.0
1262,20,42,0.0
1263,20,43,0.0
1264,20,44,0.0
1265,20,45,0.0
1266,20,46,0.0
1267,20,47,0.0
1268,20,48,0.0
1269,20,49,0.0
1270,20,50,0.0
1271,20,51,0.0
1272,20,52,0.0
1273,20,53,0.0
1274,20,54,0.0
1275,20,55,0.0
1276,20,56,0.0
1277,20,57,0.0
1278,20,58,0.0
1279,20,59,0.0
1280,20,60,0.0
1281,21,0,0.0
1282,21,1,0.0
1283,21,2,0.0
1284,21,3,0.0
1285,21,4,0.0
1286,21,5,0.0
1287,21,6,0.0
1288,21,7,0.0
1289,21,8,0.0
1290,21,9,0.0
1291,21,10,0.0
1292,21,11,0.0
1293,21,12,0.0
1294,21,13,0.0
1295,21,14,0.0
1296,21,15,0.0
1297,21,16,0.0
1298,21,17,0.0
1299,21,18,0.0
1300,21,19,0.0
1301,21,20,0.0
1302,21,21,0.0
1303,21,22,0.0
1304,21,23,0.0
1305,21,24,0.0
1306,21,25,0.0
1307,21,26,0.0
1308,21,27,0.0
1309,21,28,0.0
1310,21,29,0.0
1311,21,30,0.0
1312,21,31,0.0
1313,21,32,0.0
1314,21,33,0.0
1315,21,34,0.0
1316,21,35,0.0
1317,21,36,0.0
1318,21,37,0.0
1319,21,38,0.0
1320,21,39,0.0
1321,21,40,0.0
1322,21,41,0.0
1323,21,42,0.0
1324,21,43,0.0
1325,21,44,0.0
1326,21,45,0.0
1327,21,46,0.0
1328,21,47,0.0
1329,21,48,0.0
1330,21,49,0.0
1331,21,50,0.0
1332,21,51,0.0
1333,21,52,0.0
1334,21,53,0.0
1335,21,54,0.0
1336,21,55,0.0
1337,21,56,0.0
1338,21,57,0.0
1339,21,58,0.0
1340,21,59,0.0
1341,21,60,0.0
1342,22,0,0.0
1343,22,1,0.0
1344,22,2,0.0
1345,22,3,0.0
1346,22,4,0.0
1347,22,5,0.0
1348,22,6,0.0
1349,22,7,0.0
1350,22,8,0.0
1351,22,9,0.0
1352,22,10,0.0
1353,22,11,0.0
1354,22,12,0.0
1355,22,13,0.0
1356,22,14,0.0
1357,22,15,0.0
1358,22,16,0.0
1359,22,17,0.0
1360,22,18,0.0
1361,22,19,0.0
1362,22,20,0.0
1363,22,21,0.0
1364,22,22,0.0
1365,22,23,0.0
1366,22,24,0.0
1367,22,25,0.0
1368,22,26,0.0
1369,22,27,0.0
1370,22,28,0.0
1371,22,29,0.0
1372,22,30,0.0
1373,22,31,0.0
1374,22,32,0.0
1375,22,33,0.0
1376,22,34,0.0
1377,22,35,0.0
1378,22,36,0.0
1379,22,37,0.0
1380,22,38,0.0
1381,22,39,0.0
1382,22,40,0.0
1383,22,41,0.0
1384,22,42,0.0
1385,22,43,0.0
1386,22,44,0.0
1387,22,45,0.0
1388,22,46,0.0
1389,22,47,0.0
1390,22,48,0.0
1391,22,49,0.0
1392,22,50,0.0
1393,22,51,0.0
1394,22,52,0.0
1395,22,53,0.0
1396,22,54,0.0
1397,22,55,0.0
1398,22,56,0.0
1399,22,57,0.0
1400,22,58,0.0
1401,22,59,0.0
1402,22,60,0.0
1403,23,0,0.0
1404,23,1,0.0
1405,23,2,0.0
1406,23,3,0.0
1407,23,4,0.0
1408,23,5,0.0
1409,23,6,0.0
1410,23,7,0.0
1411,23,8,0.0
1412,23,9,0.0
1413,23,10,0.0
1414,23,11,0.0
1415,23,12,0.0
1416,23,13,0.0
1417,23,14,0.0
1418,23,15,0.0
1419,23,16,0.0
1420,23,17,0.0
1421,23,18,0.0
1422,23,19,0.0
1423,23,20,0.0
1424,23,21,0.0
1425,23,22,0.0
1426,23,23,0.0
1427,23,24,0.0
1428,23,25,0.0
1429,23,26,0.0
1430,23,27,0.0
1431,23,28,0.0
1432,23,29,0.0
1433,23,30,0.0
1434,23,31,0.0
1435,23,32,0.0
1436,23,33,0.0
1437,23,34,0.0
1438,23,35,0.0
1439,23,36,0.0
1440,23,37,0.0
1441,23,38,0.0
1442,23,39,0.0
1443,23,40,0.0
1444,23,41,0.0
1445,23,42,0.0
1446,23,43,0.0
1447,23,44,0.0
1448,23,45,0.0
1449,23,46,0.0
1450,23,47,0.0
1451,23,48,0.0
1452,23,49,0.0
1453,23,50,0.0
1454,23,51,0.0
1455,23,52,0.0
1456,23,53,0.0
1457,23,54,0.0
1458,23,55,0.0
1459,23,56,0.0
1460,23,57,0.0
1461,23,58,0.0
1462,23,59,0.0
1463,23,60,0.0
1464,24,0,0.0
1465,24,1,0.0
1466,24,2,0.0
1467,24,3,0.0
1468,24,4,0.0
1469,24,5,0.0
1470,24,6,0.0
1471,24,7,0.0
1472,24,8,0.0
1473,24,9,0.0
1474,24,10,0.0
1475,24,11,0.0
1476,24,12,0.0
1477,24,13,0.0
1478,24,14,0.0
1479,24,15,0.0
1480,24,16,0.0
1481,24,17,0.0
1482,24,18,0.0
1483,24,19,0.0
1484,24,20,0.0
1485,24,21,0.0
1486,24,22,0.0
1487,24,23,0.0
1488,24,24,0.0
1489,24,25,0.0
1490,24,26,0.0
1491,24,27,0.0
1492,24,28,0.0
1493,24,29,0.0
1494,24,30,0.0
1495,24,31,0.0
1496,24,32,0.0
1497,24,33,0.0
1498,24,34,0.0
1499,24,35,0.0
1500,24,36,0.0
1501,24,37,0.0
1502,24,38,0.0
1503,24,39,0.0
1504,24,40,0.0
1505,24,41,0.0
1506,24,42,0.0
1507,24,43,0.0
1508,24,44,0.0
1509,24,45,0.0
1510,24,46,0.0
1511,24,47,0.0
1512,24,48,0.0
1513,24,49,0.0
1514,24,50,0.0
1515,24,51,0.0
1516,24,52,0.0
1517,24,53,0.0
1518,24,54,0.0
1519,24,55,0.0
1520,24,56,0.0
1521,24,57,0.0
1522,24,58,0.0
1523,24,59,0.0
1524,24,60,0.0
1525,25,0,0.0
1526,25,1,0.0
1527,25,2,0.0
1528,25,3,0.0
1529,25,4,0.0
1530,25,5,0.0
1531,25,6,0.0
1532,25,7,0.0
1533,25,8,0.0
1534,25,9,0.0
1535,25,10,0.0
1536,25,11,0.0
1537,25,12,0.0
1538,25,13,0.0
1539,25,14,0.0
1540,25,15,0.0
1541,25,16,0.0
1542,25,17,0.0
1543,25,18,0.0
1544,25,19,0.0
1545,25,20,0.0
1546,25,21,0.0
1547,25,22,0.0
1548,25,23,0.0
1549,25,24,0.0
1550,25,25,0.0
1551,25,26,0.0
1552,25,27,0.0
1553,25,28,0.0
1554,25,29,0.0
1555,25,30,0.0
1556,25,31,0.0
1557,25,32,0.0
1558,25,33,0.0
1559,25,34,0.0
1560,25,35,0.0
1561,25,36,0.0
1562,25,37,0.0
1563,25,38,0.0
1564,25,39,0.0
1565,25,40,0.0
1566,25,41,0.0
1567,25,42,0.0
1568,25,43,0.0
1569,25,44,0.0
1570,25,45,0.0
1571,25,46,0.0
1572,25,47,0.0
1573,25,48,0.0
1574,25,49,0.0
1575,25,50,0.0
1576,25,51,0.0
1577,25,52,0.0
1578,25,53,0.0
1579,25,54,0.0
1580,25,55,0.0
1581,25,56,0.0
1582,25,57,0.0
1583,25,58,0.0
1584,25,59,0.0
1585,25,60,0.0
1586,26,0,0.0
1587,26,1,0.0
1588,26,2,0.0
1589,26,3,0.0
1590,26,4,0.0
1591,26,5,0.0
1592,26,6,0.0
1593,26,7,0.0
1594,26,8,0.0
1595,26,9,0.0
1596,26,10,0.0
1597,26,11,0.0
1598,26,12,0.0
1599,26,13,0.0
1600,26,14,0.0
1601,26,15,0.0
1602,26,16,0.0
1603,26,17,0.0
1604,26,18,0.0
1605,26,19,0.0
1606,26,20,0.0
1607,26,21,0.0
1608,26,22,0.0
1609,26,23,0.0
1610,26,24,0.0
1611,26,25,0.0
1612,26,26,0.0
1613,26,27,0.0
1614,26,28,0.0
1615,26,29,0.0
1616,26,30,0.0
1617,26,31,0.0
1618,26,32,0.0
1619,26,33,0.0
1620,26,34,0.0
1621,26,35,0.0
1622,26,36,0.0
1623,26,37,0.0
1624,26,38,0.0
1625,26,39,0.0
1626,26,40,0.0
1627,26,41,0.0
1628,26,42,0.0
1629,26,43,0.0
1630,26,44,0.0
1631,26,45,0.0
1632,26,46,0.0
1633,26,47,0.0
1634,26,48,0.0
1635,26,49,0.0
1636,26,50,0.0
1637,26,51,0.0
1638,26,52,0.0
1639,26,53,0.0
1640,26,54,0.0
1641,26,55,0.0
1642,26,56,0.0
1643,26,57,0.0
1644,26,58,0.0
1645,26,59,0.0
1646,26,60,0.0
1647,27,0,0.0
1648,27,1,0.0
1649,27,2,0.0
1650,27,3,0.0
1651,27,4,0.0
1652,27,5,0.0
1653,27,6,0.0
1654,27,7,0.0
1655,27,8,0.0
1656,27,9,0.0
1657,27,10,0.0
1658,27,11,0.0
1659,27,12,0.0
1660,27,13,0.0
1661,27,14,0.0
1662,27,15,0.0
1663,27,16,0.0
1664,27,17,0.0
1665,27,18,0.0
1666,27,19,0.0
1667,27,20,0.0
1668,27,21,0.0
1669,27,22,0.0
1670,27,23,0.0
1671,27,24,0.0
1672,27,25,0.0
1673,27,26,0.0
1674,27,27,0.0
1675,27,28,0.0
1676,27,29,0.0
1677,27,30,0.0
1678,27,31,0.0
1679,27,32,0.0
1680,27,33,0.0
1681,27,34,0.0
1682,27,35,0.0
1683,27,36,0.0
1684,27,37,0.0
1685,27,38,0.0
1686,27,39,0.0
1687,27,40,0.0
1688,27,41,0.0
1689,27,42,0.0
1690,27,43,0.0
1691,27,44,0.0
1692,27,45,0.0
1693,27,46,0.0
1694,27,47,0.0
1695,27,48,0.0
1696,27,49,0.0
1697,27,50,0.0
1698,27,51,0.0
1699,27,52,0.0
1700,27,53,0.0
1701,27,54,0.0
1702,27,55,0.0
1703,27,56,0.0
1704,27,57,0.0
1705,27,58,0.0
1706,27,59,0.0
1707,27,60,0.0
1708,28,0,0.0
1709,28,1,0.0
1710,28,2,0.0
1711,28,3,0.0
1712,28,4,0.0
1713,28,5,0.0
1714,28,6,0.0
1715,28,7,0.0
1716,28,8,0.0
1717,28,9,0.0
1718,28,10,0.0
1719,28,11,0.0
1720,28,12,0.0
1721,28,13,0.0
1722,28,14,0.0
1723,28,15,0.0
1724,28,16,0.0
1725,28,17,0.0
1726,28,18,0.0
1727,28,19,0.0
1728,28,20,0.0
1729,28,21,0.0
1730,28,22,0.0
1731,28,23,0.0
1732,28,24,0.0
1733,28,25,0.0
1734,28,26,0.0
1735,28,27,0.0
1736,28,28,0.0
1737,28,29,0.0
1738,28,30,0.0
1739,28,31,0.0
1740,28,32,0.0
1741,28,33,0.0
1742,28,34,0.0
1743,28,35,0.0
1744,28,36,0.0
1745,28,37,0.0
1746,28,38,0.0
1747,28,39,0.0
1748,28,40,0.0
1749,28,41,0.0
1750,28,42,0.0
1751,28,43,0.0
1752,28,44,0.0
1753,28,45,0.0
1754,28,46,0.0
1755,28,47,0.0
1756,28,48,0.0
1757,28,49,0.0
1758,28,50,0.0
1759,28,51,0.0
1760,28,52,0.0
1761,28,53,0.0
1762,28,54,0.0
1763,28,55,0.0
1764,28,56,0.0
1765,28,57,0.0
1766,28,58,0.0
1767,28,59,0.0
1768,28,60,0.0
1769,29,0,0.0
1770,29,1,0.0
1771,29,2,0.0
1772,29,3,0.0
1773,29,4,0.0
1774,29,5,0.0
1775,29,6,0.0
1776,29,7,0.0
1777,29,8,0.0
1778,29,9,0.0
1779,29,10,0.0
1780,29,11,0.0
1781,29,12,0.0
1782,29,13,0.0
1783,29,14,0.0
1784,29,15,0.0
1785,29,16,0.0
1786,29,17,0.0
1787,29,18,0.0
1788,29,19,0.0
1789,29,20,0.0
1790,29,21,0.0
1791,29,22,0.0
1792,29,23,0.0
1793,29,24,0.0
1794,29,25,0.0
1795,29,26,0.0
1796,29,27,0.0
1797,29,28,0.0
1798,29,29,0.0
1799,29,30,0.0
1800,29,31,0.0
1801,29,32,0.0
1802,29,33,0.0
1803,29,34,0.0
1804,29,35,0.0
1805,29,36,0.0
1806,29,37,0.0
1807,29,38,0.0
1808,29,39,0.0
1809,29,40,0.0
1810,29,41,0.0
1811,29,42,0.0
1812,29,43,0.0
1813,29,44,0.0
1814,29,45,0.0
1815,29,46,0.0
1816,29,47,0.0
1817,29,48,0.0
1818,29,49,0.0
1819,29,50,0.0
1820,29,51,0.0
1821,29,52,0.0
1822,29,53,0.0
1823,29,54,0.0
1824,29,55,0.0
1825,29,56,0.0
1826,29,57,0.0
1827,29,58,0.0
1828,29,59,0.0
1829,29,60,0.0
1830,30,0,0.0
1831,30,1,0.0
1832,30,2,0.0
1833,30,3,0.0
1834,30,4,0.0
1835,30,5,0.0
1836,30,6,0.0
1837,30,7,0.0
1838,30,8,0.0
1839,30,9,0.0
1840,30,10,0.0
1841,30,11,0.0
1842,30,12,0.0
1843,30,13,0.0
1844,30,14,0.0
1845,30,15,0.0
1846,30,16,0.0
1847,30,17,0.0
1848,30,18,0.0
1849,30,19,0.0
1850,30,20,0.0
1851,30,21,0.0
1852,30,22,0.0
1853,30,23,0.0
1854,30,24,0.0
1855,30,25,0.0
1856,30,26,0.0
1857,30,27,0.0
1858,30,28,0.0
1859,30,29,0.0
1860,30,30,0.0
1861,30,31,0.0
1862,30,32,0.0
1863,30,33,0.0
1864,30,34,0.0
1865,30,35,0.0
1866,30,36,0.0
1867,30,37,0.0
1868,30,38,0.0
1869,30,39,0.0
1870,30,40,0.0
1871,30,41,0.0
1872,30,42,0.0
1873,30,43,0.0
1874,30,44,0.0
1875,30,45,0.0
1876,30,46,0.0
1877,30,47,0.0
1878,30,48,0.0
1879,30,49,0.0
1880,30,50,0.0
1881,30,51,0.0
1882,30,52,0.0
1883,30,53,0.0
1884,30,54,0.0
1885,30,55,0.0
1886,30,56,0.0
1887,30,57,0.0
1888,30,58,0.0
1889,30,59,0.0
1890,30,60,0.0
1891,31,0,0.0
1892,31,1,0.0
1893,31,2,0.0
1894,31,3,0.0
1895,31,4,0.0
1896,31,5,0.0
1897,31,6,0.0
1898,31,7,0.0
1899,31,8,0.0
1900,31,9,0.0
1901,31,10,0.0
1902,31,11,0.0
1903,31,12,0.0
1904,31,13,0.0
1905,31,14,0.0
1906,31,15,0.0
1907,31,16,0.0
1908,31,17,0.0
1909,31,18,0.0
1910,31,19,0.0
1911,31,20,0.0
1912,31,21,0.0
1913,31,22,0.0
1914,31,23,0.0
1915,31,24,0.0
1916,31,25,0.0
1917,31,26,0.0
1918,31,27,0.0
1919,31,28,0.0
1920,31,29,0.0
1921,31,30,0.0
1922,31,31,0.0
1923,31,32,0.0
1924,31,33,0.0
1925,31,34,0.0
1926,31,35,0.0
1927,31,36,0.0
1928,31,37,0.0
1929,31,38,0.0
1930,31,39,0.0
1931,31,40,0.0
1932,31,41,0.0
1933,31,42,0.0
1934,31,43,0.0
1935,31,44,0.0
1936,31,45,0.0
1937,31,46,0.0
1938,31,47,0.0
1939,31,48,0.0
1940,31,49,0.0
1941,31,50,0.0
1942,31,51,0.0
1943,31,52,0.0
1944,31,53,0.0
1945,31,54,0.0
1946,31,55,0.0
1947,31,56,0.0
1948,31,57,0.0
1949,31,58,0.0
1950,31,59,0.0
1951,31,60,0.0
1952,32,0,0.0
1953,32,1,0.0
1954,32,2,0.0
1955,32,3,0.0
1956,32,4,0.0
1957,32,5,0.0
1958,32,6,0.0
1959,32,7,0.0
1960,32,8,0.0
1961,32,9,0.0
1962,32,10,0.0
1963,32,11,0.0
1964,32,12,0.0
1965,32,13,0.0
1966,32,14,0.0
1967,32,15,0.0
1968,32,16,0.0
1969,32,17,0.0
1970,32,18,0.0
1971,32,19,0.0
1972,32,20,0.0
1973,32,21,0.0
1974,32,22,0.0
1975,32,23,0.0
1976,32,24,0.0
1977,32,25,0.0
1978,32,26,0.0
1979,32,27,0.0
1980,32,28,0.0
1981,32,29,0.0
1982,32,30,0.0
1983,32,31,0.0
1984,32,32,0.0
1985,32,33,0.0
1986,32,34,0.0
1987,32,35,0.0
1988,32,36,0.0
1989,32,37,0.0
1990,32,38,0.0
1991,32,39,0.0
1992,32,40,0.0
1993,32,41,0.0
1994,32,42,0.0
1995,32,43,0.0
1996,32,44,0.0
1997,32,45,0.0
1998,32,46,0.0
1999,32,47,0.0
2000,32,48,0.0
2001,32,49,0.0
2002,32,50,0.0
2003,32,51,0.0
2004,32,52,0.0
2005,32,53,0.0
2006,32,54,0.0
2007,32,55,0.0
2008,32,56,0.0
2009,32,57,0.0
2010,32,58,0.0
2011,32,59,0.0
2012,32,60,0.0
2013,33,0,0.0
2014,33,1,0.0
2015,33,2,0.0
2016,33,3,0.0
2017,33,4,0.0
2018,33,5,0.0
2019,33,6,0.0
2020,33,7,0.0
2021,33,8,0.0
2022,33,9,0.0
2023,33,10,0.0
2024,33,11,0.0
2025,33,12,0.0
2026,33,13,0.0
2027,33,14,0.0
2028,33,15,0.0
2029,33,16,0.0
2030,33,17,0.0
2031,33,18,0.0
2032,33,19,0.0
2033,33,20,0.0
2034,33,21,0.0
2035,33,22,0.0
2036,33,23,0.0
2037,33,24,0.0
2038,33,25,0.0
2039,33,26,0.0
2040,33,27,0.0
2041,33,28,0.0
2042,33,29,0.0
2043,33,30,0.0
2044,33,31,0.0
2045,33,32,0.0
2046,33,33,0.0
2047,33,34,0.0
2048,33,35,0.0
2049,33,36,0.0
2050,33,37,0.0
2051,33,38,0.0
2052,33,39,0.0
2053,33,40,0.0
2054,33,41,0.0
2055,33,42,0.0
2056,33,43,0.0
2057,33,44,0.0
2058,33,45,0.0
2059,33,46,0.0
2060,33,47,0.0
2061,33,48,0.0
2062,33,49,0.0
2063,33,50,0.0
2064,33,51,0.0
2065,33,52,0.0
2066,33,53,0.0
2067,33,54,0.0
2068,33,55,0.0
2069,33,56,0.0
2070,33,57,0.0
2071,33,58,0.0
2072,33,59,0.0
2073,33,60,0.0
2074,34,0,0.0
2075,34,1,0.0
2076,34,2,0.0
2077,34,3,0.0
2078,34,4,0.0
2079,34,5,0.0
2080,34,6,0.0
2081,34,7,0.0
2082,34,8,0.0
2083,34,9,0.0
2084,34,10,0.0
2085,34,11,0.0
2086,34,12,0.0
2087,34,13,0.0
2088,34,14,0.0
2089,34,15,0.0
2090,34,16,0.0
2091,34,17,0.0
2092,34,18,0.0
2093,34,19,0.0
2094,34,20,0.0
2095,34,21,0.0
2096,34,22,0.0
2097,34,23,0.0
2098,34,24,0.0
2099,34,25,0.0
2100,34,26,0.0
2101,34,27,0.0
2102,34,28,0.0
2103,34,29,0.0
2104,34,30,0.0
2105,34,31,0.0
2106,34,32,0.0
2107,34,33,0.0
2108,34,34,0.0
2109,34,35,0.0
2110,34,36,0.0
2111,34,37,0.0
2112,34,38,0.0
2113,34,39,0.0
2114,34,40,0.0
2115,34,41,0.0
2116,34,42,0.0
2117,34,43,0.0
2118,34,44,0.0
2119,34,45,0.0
2120,34,46,0.0
2121,34,47,0.0
2122,34,48,0.0
2123,34,49,0.0
2124,34,50,0.0
2125,34,51,0.0
2126,34,52,0.0
2127,34,53,0.0
2128,34,54,0.0
2129,34,55,0.0
2130,34,56,0.0
2131,34,57,0.0
2132,34,58,0.0
2133,34,59,0.0
2134,34,60,0.0
2135,35,0,0.0
2136,35,1,0.0
2137,35,2,0.0
2138,35,3,0.0
2139,35,4,0.0
2140,35,5,0.0
2141,35,6,0.0
2142,35,7,0.0
2143,35,8,0.0
2144,35,9,0.0
2145,35,10,0.0
2146,35,11,0.0
2147,35,12,0.0
2148,35,13,0.0
2149,35,14,0.0
2150,35,15,0.0
2151,35,16,0.0
2152,35,17,0.0
2153,35,18,0.0
2154,35,19,0.0
2155,35,20,0.0
2156,35,21,0.0
2157,35,22,0.0
2158,35,23,0.0
2159,35,24,0.0
2160,35,25,0.0
2161,35,26,0.0
2162,35,27,0.0
2163,35,28,0.0
2164,35,29,0.0
2165,35,30,0.0
2166,35,31,0.0
2167,35,32,0.0
2168,35,33,0.0
2169,35,34,0.0
2170,35,35,0.0
2171,35,36,0.0
2172,35,37,0.0
2173,35,38,0.0
2174,35,39,0.0
2175,35,40,0.0
2176,35,41,0.0
2177,35,42,0.0
2178,35,43,0.0
2179,35,44,0.0
2180,35,45,0.0
2181,35,46,0.0
2182,35,47,0.0
2183,35,48,0.0
2184,35,49,0.0
2185,35,50,0.0
2186,35,51,0.0
2187,35,52,0.0
2188,35,53,0.0
2189,35,54,0.0
2190,35,55,0.0
2191,35,56,0.0
2192,35,57,0.0
2193,35,58,0.0
2194,35,59,0.0
2195,35,60,0.0
2196,36,0,0.0
2197,36,1,0.0
2198,36,2,0.0
2199,36,3,0.0
2200,36,4,0.0
2201,36,5,0.0
2202,36,6,0.0
2203,36,7,0.0
2204,36,8,0.0
2205,36,9,0.0
2206,36,10,0.0
2207,36,11,0.0
2208,36,12,0.0
2209,36,13,0.0
2210,36,14,0.0
2211,36,15,0.0
2212,36,16,0.0
2213,36,17,0.0
2214,36,18,0.0
2215,36,19,0.0
2216,36,20,0.0
2217,36,21,0.0
2218,36,22,0.0
2219,36,23,0.0
2220,36,24,0.0
2221,36,25,0.0
2222,36,26,0.0
2223,36,27,0.0
2224,36,28,0.0
2225,36,29,0.0
2226,36,30,0.0
2227,36,31,0.0
2228,36,32,0.0
2229,36,33,0.0
2230,36,34,0.0
2231,36,35,0.0
2232,36,36,0.0
2233,36,37,0.0
2234,36,38,0.0
2235,36,39,0.0
2236,36,40,0.0
2237,36,41,0.0
2238,36,42,0.0
2239,36,43,0.0
2240,36,44,0.0
2241,36,45,0.0
2242,36,46,0.0
2243,36,47,0.0
2244,36,48,0.0
2245,36,49,0.0
2246,36,50,0.0
2247,36,51,0.0
2248,36,52,0.0
2249,36,53,0.0
2250,36,54,0.0
2251,36,55,0.0
2252,36,56,0.0
2253,36,57,0.0
2254,36,58,0.0
2255,36,59,0.0
2256,36,60,0.0
2257,37,0,0.0
2258,37,1,0.0
2259,37,2,0.0
2260,37,3,0.0
2261,37,4,0.0
2262,37,5,0.0
2263,37,6,0.0
2264,37,7,0.0
2265,37,8,0.0
2266,37,9,0.0
2267,37,10,0.0
2268,37,11,0.0
2269,37,12,0.0
2270,37,13,0.0
2271,37,14,0.0
2272,37,15,0.0
2273,37,16,0.0
2274,37,17,0.0
2275,37,18,0.0
2276,37,19,0.0
2277,37,20,0.0
2278,37,21,0.0
2279,37,22,0.0
2280,37,23,0.0
2281,37,24,0.0
2282,37,25,0.0
2283,37,26,0.0
2284,37,27,0.0
2285,37,28,0.0
2286,37,29,0.0
2287,37,30,0.0
2288,37,31,0.0
2289,37,32,0.0
2290,37,33,0.0
2291,37,34,0.0
2292,37,35,0.0
2293,37,36,0.0
2294,37,37,0.0
2295,37,38,0.0
2296,37,39,0.0
2297,37,40,0.0
2298,37,41,0.0
2299,37,42,0.0
2300,37,43,0.0
2301,37,44,0.0
2302,37,45,0.0
2303,37,46,0.0
2304,37,47,0.0
2305,37,48,0.0
2306,37,49,0.0
2307,37,50,0.0
2308,37,51,0.0
2309,37,52,0.0
2310,37,53,0.0
2311,37,54,0.0
2312,37,55,0.0
2313,37,56,0.0
2314,37,57,0.0
2315,37,58,0.0
2316,37,59,0.0
2317,37,60,0.0
2318,38,0,0.0
2319,38,1,0.0
2320,38,2,0.0
2321,38,3,0.0
2322,38,4,0.0
2323,38,5,0.0
2324,38,6,0.0
2325,38,7,0.0
2326,38,8,0.0
2327,38,9,0.0
2328,38,10,0.0
2329,38,11,0.0
2330,38,12,0.0
2331,38,13,0.0
2332,38,14,0.0
2333,38,15,0.0
2334,38,16,0.0
2335,38,17,0.0
2336,38,18,0.0
2337,38,19,0.0
2338,38,20,0.0
2339,38,21,0.0
2340,38,22,0.0
2341,38,23,0.0
2342,38,24,0.0
2343,38,25,0.0
2344,38,26,0.0
2345,38,27,0.0
2346,38,28,0.0
2347,38,29,0.0
2348,38,30,0.0
2349,38,31,0.0
2350,38,32,0.0
2351,38,33,0.0
2352,38,34,0.0
2353,38,35,0.0
2354,38,36,0.0
2355,38,37,0.0
2356,38,38,0.0
2357,38,39,0.0
2358,38,40,0.0
2359,38,41,0.0
2360,38,42,0.0
2361,38,43,0.0
2362,38,44,0.0
2363,38,45,0.0
2364,38,46,0.0
2365,38,47,0.0
2366,38,48,0.0
2367,38,49,0.0
2368,38,50,0.0
2369,38,51,0.0
2370,38,52,0.0
2371,38,53,0.0
2372,38,54,0.0
2373,38,55,0.0
2374,38,56,0.0
2375,38,57,0.0
2376,38,58,0.0
2377,38,59,0.0
2378,38,60,0.0
2379,39,0,0.0
2380,39,1,0.0
2381,39,2,0.0
2382,39,3,0.0
2383,39,4,0.0
2384,39,5,0.0
2385,39,6,0.0
2386,39,7,0.0
2387,39,8,0.0
2388,39,9,0.0
2389,39,10,0.0
2390,39,11,0.0
2391,39,12,0.0
2392,39,13,0.0
2393,39,14,0.0
2394,39,15,0.0
2395,39,16,0.0
2396,39,17,0.0
2397,39,18,0.0
2398,39,19,0.0
2399,39,20,0.0
2400,39,21,0.0
2401,39,22,0.0
2402,39,23,0.0
2403,39,24,0.0
2404,39,25,0.0
2405,39,26,0.0
2406,39,27,0.0
2407,39,28,0.0
2408,39,29,0.0
2409,39,30,0.0
2410,39,31,0.0
2411,39,32,0.0
2412,39,33,0.0
2413,39,34,0.0
2414,39,35,0.0
2415,39,36,0.0
2416,39,37,0.0
2417,39,38,0.0
2418,39,39,0.0
2419,39,40,0.0
2420,39,41,0.0
2421,39,42,0.0
2422,39,43,0.0
2423,39,44,0.0
2424,39,45,0.0
2425,39,46,0.0
2426,39,47,0.0
2427,39,48,0.0
2428,39,49,0.0
2429,39,50,0.0
2430,39,51,0.0
2431,39,52,0.0
2432,39,53,0.0
2433,39,54,0.0
2434,39,55,0.0
2435,39,56,0.0
2436,39,57,0.0
2437,39,58,0.0
2438,39,59,0.0
2439,39,60,0.0
2440,40,0,0.0
2441,40,1,0.0
2442,40,2,0.0
2443,40,3,0.0
2444,40,4,0.0
2445,40,5,0.0
2446,40,6,0.0
2447,40,7,0.0
2448,40,8,0.0
2449,40,9,0.0
2450,40,10,0.0
2451,40,11,0.0
2452,40,12,0.0
2453,40,13,0.0
2454,40,14,0.0
2455,40,15,0.0
2456,40,16,0.0
2457,40,17,0.0
2458,40,18,0.0
2459,40,19,0.0
2460,40,20,0.0
2461,40,21,0.0
2462,40,22,0.0
2463,40,23,0.0
2464,40,24,0.0
2465,40,25,0.0
2466,40,26,0.0
2467,40,27,0.0
2468,40,28,0.0
2469,40,29,0.0
2470,40,30,0.0
2471,40,31,0.0
2472,40,32,0.0
2473,40,33,0.0
2474,40,34,0.0
2475,40,35,0.0
2476,40,36,0.0
2477,40,37,0.0
2478,40,38,0.0
2479,40,39,0.0
2480,40,40,0.0
2481,40,41,0.0
2482,40,42,0.0
2483,40,43,0.0
2484,40,44,0.0
2485,40,45,0.0
2486,40,46,0.0
2487,40,47,0.0
2488,40,48,0.0
2489,40,49,0.0
2490,40,50,0.0
2491,40,51,0.0
2492,40,52,0.0
2493,40,53,0.0
2494,40,54,0.0
2495,40,55,0.0
2496,40,56,0.0
2497,40,57,0.0
2498,40,58,0.0
2499,40,59,0.0
2500,40,60,0.0
2501,41,0,0.0
2502,41,1,0.0
2503,41,2,0.0
2504,41,3,0.0
2505,41,4,0.0
2506,41,5,0.0
2507,41,6,0.0
2508,41,7,0.0
2509,41,8,0.0
2510,41,9,0.0
2511,41,10,0.0
2512,41,11,0.0
2513,41,12,0.0
2514,41,13,0.0
2515,41,14,0.0
2516,41,15,0.0
2517,41,16,0.0
2518,41,17,0.0
2519,41,18,0.0
2520,41,19,0.0
2521,41,20,0.0
2522,41,21,0.0
2523,41,22,0.0
2524,41,23,0.0
2525,41,24,0.0
2526,41,25,0.0
2527,41,26,0.0
2528,41,27,0.0
2529,41,28,0.0
2530,41,29,0.0
2531,41,30,0.0
2532,41,31,0.0
2533,41,32,0.0
2534,41,33,0.0
2535,41,34,0.0
2536,41,35,0.0
2537,41,36,0.0
2538,41,37,0.0
2539,41,38,0.0
2540,41,39,0.0
2541,41,40,0.0
2542,41,41,0.0
2543,41,42,0.0
2544,41,43,0.0
2545,41,44,0.0
2546,41,45,0.0
2547,41,46,0.0
2548,41,47,0.0
2549,41,48,0.0
2550,41,49,0.0
2551,41,50,0.0
2552,41,51,0.0
2553,41,52,0.0
2554,41,53,0.0
2555,41,54,0.0
2556,41,55,0.0
2557,41,56,0.0
2558,41,57,0.0
2559,41,58,0.0
2560,41,59,0.0
2561,41,60,0.0
2562,42,0,0.0
2563,42,1,0.0
2564,42,2,0.0
2565,42,3,0.0
2566,42,4,0.0
2567,42,5,0.0
2568,42,6,0.0
2569,42,7,0.0
2570,42,8,0.0
2571,42,9,0.0
2572,42,10,0.0
2573,42,11,0.0
2574,42,12,0.0
2575,42,13,0.0
2576,42,14,0.0
2577,42,15,0.0
2578,42,16,0.0
2579,42,17,0.0
2580,42,18,0.0
2581,42,19,0.0
2582,42,20,0.0
2583,42,21,0.0
2584,42,22,0.0
2585,42,23,0.0
2586,42,24,0.0
2587,42,25,0.0
2588,42,26,0.0
2589,42,27,0.0
2590,42,28,0.0
2591,42,29,0.0
2592,42,30,0.0
2593,42,31,0.0
2594,42,32,0.0
2595,42,33,0.0
2596,42,34,0.0
2597,42,35,0.0
2598,42,36,0.0
2599,42,37,0.0
2600,42,38,0.0
2601,42,39,0.0
2602,42,40,0.0
2603,42,41,0.0
2604,42,42,0.0
2605,42,43,0.0
2606,42,44,0.0
2607,42,45,0.0
2608,42,46,0.0
2609,42,47,0.0
2610,42,48,0.0
2611,42,49,0.0
2612,42,50,0.0
2613,42,51,0.0
2614,42,52,0.0
2615,42,53,0.0
2616,42,54,0.0
2617,42,55,0.0
2618,42,56,0.0
2619,42,57,0.0
2620,42,58,0.0
2621,42,59,0.0
2622,42,60,0.0
2623,43,0,0.0
2624,43,1,0.0
2625,43,2,0.0
2626,43,3,0.0
2627,43,4,0.0
2628,43,5,0.0
2629,43,6,0.0
2630,43,7,0.0
2631,43,8,0.0
2632,43,9,0.0
2633,43,10,0.0
2634,43,11,0.0
2635,43,12,0.0
2636,43,13,0.0
2637,43,14,0.0
2638,43,15,0.0
2639,43,16,0.0
2640,43,17,0.0
2641,43,18,0.0
2642,43,19,0.0
2643,43,20,0.0
2644,43,21,0.0
2645,43,22,0.0
2646,43,23,0.0
2647,43,24,0.0
2648,43,25,0.0
2649,43,26,0.0
2650,43,27,0.0
2651,43,28,0.0
2652,43,29,0.0
2653,43,30,0.0
2654,43,31,0.0
2655,43,32,0.0
2656,43,33,0.0
2657,43,34,0.0
2658,43,35,0.0
2659,43,36,0.0
2660,43,37,0.0
2661,43,38,0.0
2662,43,39,0.0
2663,43,40,0.0
2664,43,41,0.0
2665,43,42,0.0
2666,43,43,0.0
2667,43,44,0.0
2668,43,45,0.0
2669,43,46,0.0
2670,43,47,0.0
2671,43,48,0.0
2672,43,49,0.0
2673,43,50,0.0
2674,43,51,0.0
2675,43,52,0.0
2676,43,53,0.0
2677,43,54,0.0
2678,43,55,0.0
2679,43,56,0.0
2680,43,57,0.0
2681,43,58,0.0
2682,43,59,0.0
2683,43,60,0.0
2684,44,0,0.0
2685,44,1,0.0
2686,44,2,0.0
2687,44,3,0.0
2688,44,4,0.0
2689,44,5,0.0
2690,44,6,0.0
2691,44,7,0.0
2692,44,8,0.0
2693,44,9,0.0
2694,44,10,0.0
2695,44,11,0.0
2696,44,12,0.0
2697,44,13,0.0
2698,44,14,0.0
2699,44,15,0.0
2700,44,16,0.0
2701,44,17,0.0
2702,44,18,0.0
2703,44,19,0.0
2704,44,20,0.0
2705,44,21,0.0
2706,44,22,0.0
2707,44,23,0.0
2708,44,24,0.0
2709,44,25,0.0
2710,44,26,0.0
2711,44,27,0.0
2712,44,28,0.0
2713,44,29,0.0
2714,44,30,0.0
2715,44,31,0.0
2716,44,32,0.0
2717,44,33,0.0
2718,44,34,0.0
2719,44,35,0.0
2720,44,36,0.0
2721,44,37,0.0
2722,44,38,0.0
2723,44,39,0.0
2724,44,40,0.0
2725,44,41,0.0
2726,44,42,0.0
2727,44,43,0.0
2728,44,44,0.0
2729,44,45,0.0
2730,44,46,0.0
2731,44,47,0.0
2732,44,48,0.0
2733,44,49,0.0
2734,44,50,0.0
2735,44,51,0.0
2736,44,52,0.0
2737,44,53,0.0
2738,44,54,0.0
2739,44,55,0.0
2740,44,56,0.0
2741,44,57,0.0
2742,44,58,0.0
2743,44,59,0.0
2744,44,60,0.0
2745,45,0,0.0
2746,45,1,0.0
2747,45,2,0.0
2748,45,3,0.0
2749,45,4,0.0
2750,45,5,0.0
2751,45,6,0.0
2752,45,7,0.0
2753,45,8,0.0
2754,45,9,0.0
2755,45,10,0.0
2756,45,11,0.0
2757,45,12,0.0
2758,45,13,0.0
2759,45,14,0.0
2760,45,15,0.0
2761,45,16,0.0
2762,45,17,0.0
2763,45,18,0.0
2764,45,19,0.0
2765,45,20,0.0
2766,45,21,0.0
2767,45,22,0.0
2768,45,23,0.0
2769,45,24,0.0
2770,45,25,0.0
2771,45,26,0.0
2772,45,27,0.0
2773,45,28,0.0
2774,45,29,0.0
2775,45,30,0.0
2776,45,31,0.0
2777,45,32,0.0
2778,45,33,0.0
2779,45,34,0.0
2780,45,35,0.0
2781,45,36,0.0
2782,45,37,0.0
2783,45,38,0.0
2784,45,39,0.0
2785,45,40,0.0
2786,45,41,0.0
2787,45,42,0.0
2788,45,43,0.0
2789,45,44,0.0
2790,45,45,0.0
2791,45,46,0.0
2792,45,47,0.0
2793,45,48,0.0
2794,45,49,0.0
2795,45,50,0.0
2796,45,51,0.0
2797,45,52,0.0
2798,45,53,0.0
2799,45,54,0.0
2800,45,55,0.0
2801,45,56,0.0
2802,45,57,0.0
2803,45,58,0.0
2804,45,59,0.0
2805,45,60,0.0
2806,46,0,0.0
2807,46,1,0.0
2808,46,2,0.0
2809,46,3,0.0
2810,46,4,0.0
2811,46,5,0.0
2812,46,6,0.0
2813,46,7,0.0
2814,46,8,0.0
2815,46,9,0.0
2816,46,10,0.0
2817,46,11,0.0
2818,46,12,0.0
2819,46,13,0.0
2820,46,14,0.0
2821,46,15,0.0
2822,46,16,0.0
2823,46,17,0.0
2824,46,18,0.0
2825,46,19,0.0
2826,46,20,0.0
2827,46,21,0.0
2828,46,22,0.0
2829,46,23,0.0
2830,46,24,0.0
2831,46,25,0.0
2832,46,26,0.0
2833,46,27,0.0
2834,46,28,0.0
2835,46,29,0.0
2836,46,30,0.0
2837,46,31,0.0
2838,46,32,0.0
2839,46,33,0.0
2840,46,34,0.0
2841,46,35,0.0
2842,46,36,0.0
2843,46,37,0.0
2844,46,38,0.0
2845,46,39,0.0
2846,46,40,0.0
2847,46,41,0.0
2848,46,42,0.0
2849,46,43,0.0
2850,46,44,0.0
2851,46,45,0.0
2852,46,46,0.0
2853,46,47,0.0
2854,46,48,0.0
2855,46,49,0.0
2856,46,50,0.0
2857,46,51,0.0
2858,46,52,0.0
2859,46,53,0.0
2860,46,54,0.0
2861,46,55,0.0
2862,46,56,0.0
2863,46,57,0.0
2864,46,58,0.0
2865,46,59,0.0
2866,46,60,0.0
2867,47,0,0.0
2868,47,1,0.0
2869,47,2,0.0
2870,47,3,0.0
2871,47,4,0.0
2872,47,5,0.0
2873,47,6,0.0
2874,47,7,0.0
2875,47,8,0.0
2876,47,9,0.0
2877,47,10,0.0
2878,47,11,0.0
2879,47,12,0.0
2880,47,13,0.0
2881,47,14,0.0
2882,47,15,0.0
2883,47,16,0.0
2884,47,17,0.0
2885,47,18,0.0
2886,47,19,0.0
2887,47,20,0.0
2888,47,21,0.0
2889,47,22,0.0
2890,47,23,0.0
2891,47,24,0.0
2892,47,25,0.0
2893,47,26,0.0
2894,47,27,0.0
2895,47,28,0.0
2896,47,29,0.0
2897,47,30,0.0
2898,47,31,0.0
2899,47,32,0.0
2900,47,33,0.0
2901,47,34,0.0
2902,47,35,0.0
2903,47,36,0.0
2904,47,37,0.0
2905,47,38,0.0
2906,47,39,0.0
2907,47,40,0.0
2908,47,41,0.0
2909,47,42,0.0
2910,47,43,0.0
2911,47,44,0.0
2912,47,45,0.0
2913,47,46,0.0
2914,47,47,0.0
2915,47,48,0.0
2916,47,49,0.0
2917,47,50,0.0
2918,47,51,0.0
2919,47,52,0.0
2920,47,53,0.0
2921,47,54,0.0
2922,47,55,0.0
2923,47,56,0.0
2924,47,57,0.0
2925,47,58,0.0
2926,47,59,0.0
2927,47,60,0.0
2928,48,0,0.0
2929,48,1,0.0
2930,48,2,0.0
2931,48,3,0.0
2932,48,4,0.0
2933,48,5,0.0
2934,48,6,0.0
2935,48,7,0.0
2936,48,8,0.0
2937,48,9,0.0
2938,48,10,0.0
2939,48,11,0.0
2940,48,12,0.0
2941,48,13,0.0
2942,48,14,0.0
2943,48,15,0.0
2944,48,16,0.0
2945,48,17,0.0
2946,48,18,0.0
2947,48,19,0.0
2948,48,20,0.0
2949,48,21,0.0
2950,48,22,0.0
2951,48,23,0.0
2952,48,24,0.0
2953,48,25,0.0
2954,48,26,0.0
2955,48,27,0.0
2956,48,28,0.0
2957,48,29,0.0
2958,48,30,0.0
2959,48,31,0.0
2960,48,32,0.0
2961,48,33,0.0
2962,48,34,0.0
2963,48,35,0.0
2964,48,36,0.0
2965,48,37,0.0
2966,48,38,0.0
2967,48,39,0.0
2968,48,40,0.0
2969,48,41,0.0
2970,48,42,0.0
2971,48,43,0.0
2972,48,44,0.0
2973,48,45,0.0
2974,48,46,0.0
2975,48,47,0.0
2976,48,48,0.0
2977,48,49,0.0
2978,48,50,0.0
2979,48,51,0.0
2980,48,52,0.0
2981,48,53,0.0
2982,48,54,0.0
2983,48,55,0.0
2984,48,56,0.0
2985,48,57,0.0
2986,48,58,0.0
2987,48,59,0.0
2988,48,60,0.0
2989,49,0,0.0
2990,49,1,0.0
2991,49,2,0.0
2992,49,3,0.0
2993,49,4,0.0
2994,49,5,0.0
2995,49,6,0.0
2996,49,7,0.0
2997,49,8,0.0
2998,49,9,0.0
2999,49,10,0.0
3000,49,11,0.0
3001,49,12,0.0
3002,49,13,0.0
3003,49,14,0.0
3004,49,15,0.0
3005,49,16,0.0
3006,49,17,0.0
3007,49,18,0.0
3008,49,19,0.0
3009,49,20,0.0
3010,49,21,0.0
3011,49,22,0.0
3012,49,23,0.0
3013,49,24,0.0
3014,49,25,0.0
3015,49,26,0.0
3016,49,27,0.0
3017,49,28,0.0
3018,49,29,0.0
3019,49,30,0.0
3020,49,31,0.0
3021,49,32,0.0
3022,49,33,0.0
3023,49,34,0.0
3024,49,35,0.0
3025,49,36,0.0
3026,49,37,0.0
3027,49,38,0.0
3028,49,39,0.0
3029,49,40,0.0
3030,49,41,0.0
3031,49,42,0.0
3032,49,43,0.0
3033,49,44,0.0
3034,49,45,0.0
3035,49,46,0.0
3036,49,47,0.0
3037,49,48,0.0
3038,49,49,0.0
3039,49,50,0.0
3040,49,51,0.0
3041,49,52,0.0
3042,49,53,0.0
3043,49,54,0.0
3044,49,55,0.0
3045,49,56,0.0
3046,49,57,0.0
3047,49,58,0.0
3048,49,59,0.0
3049,49,60,0.0
3050,50,0,0.0
3051,50,1,0.0
3052,50,2,0.0
3053,50,3,0.0
3054,50,4,0.0
3055,50,5,0.0
3056,50,6,0.0
3057,50,7,0.0
3058,50,8,0.0
3059,50,9,0.0
3060,50,10,0.0
3061,50,11,0.0
3062,50,12,0.0
3063,50,13,0.0
3064,50,14,0.0
3065,50,15,0.0
3066,50,16,0.0
3067,50,17,0.0
3068,50,18,0.0
3069,50,19,0.0
3070,50,20,0.0
3071,50,21,0.0
3072,50,22,0.0
3073,50,23,0.0
3074,50,24,0.0
3075,50,25,0.0
3076,50,26,0.0
3077,50,27,0.0
3078,50,28,0.0
3079,50,29,0.0
3080,50,30,0.0
3081,50,31,0.0
3082,50,32,0.0
3083,50,33,0.0
3084,50,34,0.0
3085,50,35,0.0
3086,50,36,0.0
3087,50,37,0.0
3088,50,38,0.0
3089,50,39,0.0
3090,50,40,0.0
3091,50,41,0.0
3092,50,42,0.0
3093,50,43,0.0
3094,50,44,0.0
3095,50,45,0.0
3096,50,46,0.0
3097,50,47,0.0
3098,50,48,0.0
3099,50,49,0.0
3100,50,50,0.0
3101,50,51,0.0
3102,50,52,0.0
3103,50,53,0.0
3104,50,54,0.0
3105,50,55,0.0
3106,50,56,0.0
3107,50,57,0.0
3108,50,58,0.0
3109,50,59,0.0
3110,50,60,0.0
3111,51,0,0.0
3112,51,1,0.0
3113,51,2,0.0
3114,51,3,0.0
3115,51,4,0.0
3116,51,5,0.0
3117,51,6,0.0
3118,51,7,0.0
3119,51,8,0.0
3120,51,9,0.0
3121,51,10,0.0
3122,51,11,0.0
3123,51,12,0.0
3124,51,13,0.0
3125,51,14,0.0
3126,51,15,0.0
3127,51,16,0.0
3128,51,17,0.0
3129,51,18,0.0
3130,51,19,0.0
3131,51,20,0.0
3132,51,21,0.0
3133,51,22,0.0
3134,51,23,0.0
3135,51,24,0.0
3136,51,25,0.0
3137,51,26,0.0
3138,51,27,0.0
3139,51,28,0.0
3140,51,29,0.0
3141,51,30,0.0
3142,51,31,0.0
3143,51,32,0.0
3144,51,33,0.0
3145,51,34,0.0
3146,51,35,0.0
3147,51,36,0.0
3148,51,37,0.0
3149,51,38,0.0
3150,51,39,0.0
3151,51,40,0.0
3152,51,41,0.0
3153,51,42,0.0
3154,51,43,0.0
3155,51,44,0.0
3156,51,45,0.0
3157,51,46,0.0
3158,51,47,0.0
3159,51,48,0.0
3160,51,49,0.0
3161,51,50,0.0
3162,51,51,0.0
3163,51,52,0.0
3164,51,53,0.0
3165,51,54,0.0
3166,51,55,0.0
3167,51,56,0.0
3168,51,57,0.0
3169,51,58,0.0
3170,51,59,0.0
3171,51,60,0.0
3172,52,0,0.0
3173,52,1,0.0
3174,52,2,0.0
3175,52,3,0.0
3176,52,4,0.0
3177,52,5,0.0
3178,52,6,0.0
3179,52,7,0.0
3180,52,8,0.0
3181,52,9,0.0
3182,52,10,0.0
3183,52,11,0.0
3184,52,12,0.0
3185,52,13,0.0
3186,52,14,0.0
3187,52,15,0.0
3188,52,16,0.0
3189,52,17,0.0
3190,52,18,0.0
3191,52,19,0.0
3192,52,20,0.0
3193,52,21,0.0
3194,52,22,0.0
3195,52,23,0.0
3196,52,24,0.0
3197,52,25,0.0
3198,52,26,0.0
3199,52,27,0.0
3200,52,28,0.0
3201,52,29,0.0
3202,52,30,0.0
3203,52,31,0.0
3204,52,32,0.0
3205,52,33,0.0
3206,52,34,0.0
3207,52,35,0.0
3208,52,36,0.0
3209,52,37,0.0
3210,52,38,0.0
3211,52,39,0.0
3212,52,40,0.0
3213,52,41,0.0
3214,52,42,0.0
3215,52,43,0.0
3216,52,44,0.0
3217,52,45,0.0
3218,52,46,0.0
3219,52,47,0.0
3220,52,48,0.0
3221,52,49,0.0
3222,52,50,0.0
3223,52,51,0.0
3224,52,52,0.0
3225,52,53,0.0
3226,52,54,0.0
3227,52,55,0.0
3228,52,56,0.0
3229,52,57,0.0
3230,52,58,0.0
3231,52,59,0.0
3232,52,60,0.0
3233,53,0,0.0
3234,53,1,0.0
3235,53,2,0.0
3236,53,3,0.0
3237,53,4,0.0
3238,53,5,0.0
3239,53,6,0.0
3240,53,7,0.0
3241,53,8,0.0
3242,53,9,0.0
3243,53,10,0.0
3244,53,11,0.0
3245,53,12,0.0
3246,53,13,0.0
3247,53,14,0.0
3248,53,15,0.0
3249,53,16,0.0
3250,53,17,0.0
3251,53,18,0.0
3252,53,19,0.0
3253,53,20,0.0
3254,53,21,0.0
3255,53,22,0.0
3256,53,23,0.0
3257,53,24,0.0
3258,53,25,0.0
3259,53,26,0.0
3260,53,27,0.0
3261,53,28,0.0
3262,53,29,0.0
3263,53,30,0.0
3264,53,31,0.0
3265,53,32,0.0
3266,53,33,0.0
3267,53,34,0.0
3268,53,35,0.0
3269,53,36,0.0
3270,53,37,0.0
3271,53,38,0.0
3272,53,39,0.0
3273,53,40,0.0
3274,53,41,0.0
3275,53,42,0.0
3276,53,43,0.0
3277,53,44,0.0
3278,53,45,0.0
3279,53,46,0.0
3280,53,47,0.0
3281,53,48,0.0
3282,53,49,0.0
3283,53,50,0.0
3284,53,51,0.0
3285,53,52,0.0
3286,53,53,0.0
3287,53,54,0.0
3288,53,55,0.0
3289,53,56,0.0
3290,53,57,0.0
3291,53,58,0.0
3292,53,59,0.0
3293,53,60,0.0
3294,54,0,0.0
3295,54,1,0.0
3296,54,2,0.0
3297,54,3,0.0
3298,54,4,0.0
3299,54,5,0.0
3300,54,6,0.0
3301,54,7,0.0
3302,54,8,0.0
3303,54,9,0.0
3304,54,10,0.0
3305,54,11,0.0
3306,54,12,0.0
3307,54,13,0.0
3308,54,14,0.0
3309,54,15,0.0
3310,54,16,0.0
3311,54,17,0.0
3312,54,18,0.0
3313,54,19,0.0
3314,54,20,0.0
3315,54,21,0.0
3316,54,22,0.0
3317,54,23,0.0
3318,54,24,0.0
3319,54,25,0.0
3320,54,26,0.0
3321,54,27,0.0
3322,54,28,0.0
3323,54,29,0.0
3324,54,30,0.0
3325,54,31,0.0
3326,54,32,0.0
3327,54,33,0.0
3328,54,34,0.0
3329,54,35,0.0
3330,54,36,0.0
3331,54,37,0.0
3332,54,38,0.0
3333,54,39,0.0
3334,54,40,0.0
3335,54,41,0.0
3336,54,42,0.0
3337,54,43,0.0
3338,54,44,0.0
3339,54,45,0.0
3340,54,46,0.0
3341,54,47,0.0
3342,54,48,0.0
3343,54,49,0.0
3344,54,50,0.0
3345,54,51,0.0
3346,54,52,0.0
3347,54,53,0.0
3348,54,54,0.0
3349,54,55,0.0
3350,54,56,0.0
3351,54,57,0.0
3352,54,58,0.0
3353,54,59,0.0
3354,54,60,0.0
3355,55,0,0.0
3356,55,1,0.0
3357,55,2,0.0
3358,55,3,0.0
3359,55,4,0.0
3360,55,5,0.0
3361,55,6,0.0
3362,55,7,0.0
3363,55,8,0.0
3364,55,9,0.0
3365,55,10,0.0
3366,55,11,0.0
3367,55,12,0.0
3368,55,13,0.0
3369,55,14,0.0
3370,55,15,0.0
3371,55,16,0.0
3372,55,17,0.0
3373,55,18,0.0
3374,55,19,0.0
3375,55,20,0.0
3376,55,21,0.0
3377,55,22,0.0
3378,55,23,0.0
3379,55,24,0.0
3380,55,25,0.0
3381,55,26,0.0
3382,55,27,0.0
3383,55,28,0.0
3384,55,29,0.0
3385,55,30,0.0
3386,55,31,0.0
3387,55,32,0.0
3388,55,33,0.0
3389,55,34,0.0
3390,55,35,0.0
3391,55,36,0.0
3392,55,37,0.0
3393,55,38,0.0
3394,55,39,0.0
3395,55,40,0.0
3396,55,41,0.0
3397,55,42,0.0
3398,55,43,0.0
3399,55,44,0.0
3400,55,45,0.0
3401,55,46,0.0
3402,55,47,0.0
3403,55,48,0.0
3404,55,49,0.0
3405,55,50,0.0
3406,55,51,0.0
3407,55,52,0.0
3408,55,53,0.0
3409,55,54,0.0
3410,55,55,0.0
3411,55,56,0.0
3412,55,57,0.0
3413,55,58,0.0
3414,55,59,0.0
3415,55,60,0.0
3416,56,0,0.0
3417,56,1,0.0
3418,56,2,0.0
3419,56,3,0.0
3420,56,4,0.0
3421,56,5,0.0
3422,56,6,0.0
3423,56,7,0.0
3424,56,8,0.0
3425,56,9,0.0
3426,56,10,0.0
3427,56,11,0.0
3428,56,12,0.0
3429,56,13,0.0
3430,56,14,0.0
3431,56,15,0.0
3432,56,16,0.0
3433,56,17,0.0
3434,56,18,0.0
3435,56,19,0.0
3436,56,20,0.0
3437,56,21,0.0
3438,56,22,0.0
3439,56,23,0.0
3440,56,24,0.0
3441,56,25,0.0
3442,56,26,0.0
3443,56,27,0.0
3444,56,28,0.0
3445,56,29,0.0
3446,56,30,0.0
3447,56,31,0.0
3448,56,32,0.0
3449,56,33,0.0
3450,56,34,0.0
3451,56,35,0.0
3452,56,36,0.0
3453,56,37,0.0
3454,56,38,0.0
3455,56,39,0.0
3456,56,40,0.0
3457,56,41,0.0
3458,56,42,0.0
3459,56,43,0.0
3460,56,44,0.0
3461,56,45,0.0
3462,56,46,0.0
3463,56,47,0.0
3464,56,48,0.0
3465,56,49,0.0
3466,56,50,0.0
3467,56,51,0.0
3468,56,52,0.0
3469,56,53,0.0
3470,56,54,0.0
3471,56,55,0.0
3472,56,56,0.0
3473,56,57,0.0
3474,56,58,0.0
3475,56,59,0.0
3476,56,60,0.0
3477,57,0,0.0
3478,57,1,0.0
3479,57,2,0.0
3480,57,3,0.0
3481,57,4,0.0
3482,57,5,0.0
3483,57,6,0.0
3484,57,7,0.0
3485,57,8,0.0
3486,57,9,0.0
3487,57,10,0.0
3488,57,11,0.0
3489,57,12,0.0
3490,57,13,0.0
3491,57,14,0.0
3492,57,15,0.0
3493,57,16,0.0
3494,57,17,0.0
3495,57,18,0.0
3496,57,19,0.0
3497,57,20,0.0
3498,57,21,0.0
3499,57,22,0.0
3500,57,23,0.0
3501,57,24,0.0
3502,57,25,0.0
3503,57,26,0.0
3504,57,27,0.0
3505,57,28,0.0
3506,57,29,0.0
3507,57,30,0.0
3508,57,31,0.0
3509,57,32,0.0
3510,57,33,0.0
3511,57,34,0.0
3512,57,35,0.0
3513,57,36,0.0
3514,57,37,0.0
3515,57,38,0.0
3516,57,39,0.0
3517,57,40,0.0
3518,57,41,0.0
3519,57,42,0.0
3520,57,43,0.0
3521,57,44,0.0
3522,57,45,0.0
3523,57,46,0.0
3524,57,47,0.0
3525,57,48,0.0
3526,57,49,0.0
3527,57,50,0.0
3528,57,51,0.0
3529,57,52,0.0
3530,57,53,0.0
3531,57,54,0.0
3532,57,55,0.0
3533,57,56,0.0
3534,57,57,0.0
3535,57,58,0.0
3536,57,59,0.0
3537,57,60,0.0
3538,58,0,0.0
3539,58,1,0.0
3540,58,2,0.0
3541,58,3,0.0
3542,58,4,0.0
3543,58,5,0.0
3544,58,6,0.0
3545,58,7,0.0
3546,58,8,0.0
3547,58,9,0.0
3548,58,10,0.0
3549,58,11,0.0
3550,58,12,0.0
3551,58,13,0.0
3552,58,14,0.0
3553,58,15,0.0
3554,58,16,0.0
3555,58,17,0.0
3556,58,18,0.0
3557,58,19,0.0
3558,58,20,0.0
3559,58,21,0.0
3560,58,22,0.0
3561,58,23,0.0
3562,58,24,0.0
3563,58,25,0.0
3564,58,26,0.0
3565,58,27,0.0
3566,58,28,0.0
3567,58,29,0.0
3568,58,30,0.0
3569,58,31,0.0
3570,58,32,0.0
3571,58,33,0.0
3572,58,34,0.0
3573,58,35,0.0
3574,58,36,0.0
3575,58,37,0.0
3576,58,38,0.0
3577,58,39,0.0
3578,58,40,0.0
3579,58,41,0.0
3580,58,42,0.0
3581,58,43,0.0
3582,58,44,0.0
3583,58,45,0.0
3584,58,46,0.0
3585,58,47,0.0
3586,58,48,0.0
3587,58,49,0.0
3588,58,50,0.0
3589,58,51,0.0
3590,58,52,0.0
3591,58,53,0.0
3592,58,54,0.0
3593,58,55,0.0
3594,58,56,0.0
3595,58,57,0.0
3596,58,58,0.0
3597,58,59,0.0
3598,58,60,0.0
3599,59,0,0.0
3600,59,1,0.0
3601,59,2,0.0
3602,59,3,0.0
3603,59,4,0.0
3604,59,5,0.0
3605,59,6,0.0
3606,59,7,0.0
3607,59,8,0.0
3608,59,9,0.0
3609,59,10,0.0
3610,59,11,0.0
3611,59,12,0.0
3612,59,13,0.0
3613,59,14,0.0
3614,59,15,0.0
3615,59,16,0.0
3616,59,17,0.0
3617,59,18,0.0
3618,59,19,0.0
3619,59,20,0.0
3620,59,21,0.0
3621,59,22,0.0
3622,59,23,0.0
3623,59,24,0.0
3624,59,25,0.0
3625,59,26,0.0
3626,59,27,0.0
3627,59,28,0.0
3628,59,29,0.0
3629,59,30,0.0
3630,59,31,0.0
3631,59,32,0.0
3632,59,33,0.0
3633,59,34,0.0
3634,59,35,0.0
3635,59,36,0.0
3636,59,37,0.0
3637,59,38,0.0
3638,59,39,0.0
3639,59,40,0.0
3640,59,41,0.0
3641,59,42,0.0
3642,59,43,0.0
3643,59,44,0.0
3644,59,45,0.0
3645,59,46,0.0
3646,59,47,0.0
3647,59,48,0.0
3648,59,49,0.0
3649,59,50,0.0
3650,59,51,0.0
3651,59,52,0.0
3652,59,53,0.0
3653,59,54,0.0
3654,59,55,0.0
3655,59,56,0.0
3656,59,57,0.0
3657,59,58,0.0
3658,59,59,0.0
3659,59,60,0.0
3660,60,0,0.0
3661,60,1,0.0
3662,60,2,0.0
3663,60,3,0.0
3664,60,4,0.0
3665,60,5,0.0
3666,60,6,0.0
3667,60,7,0.0
3668,60,8,0.0
3669,60,9,0.0
3670,60,10,0.0
3671,60,11,0.0
3672,60,12,0.0
3673,60,13,0.0
3674,60,14,0.0
3675,60,15,0.0
3676,60,16,0.0
3677,60,17,0.0
3678,60,18,0.0
3679,60,19,0.0
3680,60,20,0.0
3681,60,21,0.0
3682,60,22,0.0
3683,60,23,0.0
3684,60,24,0.0
3685,60,25,0.0
3686,60,26,0.0
3687,60,27,0.0
3688,60,28,0.0
3689,60,29,0.0
3690,60,30,0.0
3691,60,31,0.0
3692,60,32,0.0
3693,60,33,0.0
3694,60,34,0.0
3695,60,35,0.0
3696,60,36,0.0
3697,60,37,0.0
3698,60,38,0.0
3699,60,39,0.0
3700,60,40,0.0
3701,60,41,0.0
3702,60,42,0.0
3703,60,43,0.0
3704,60,44,0.0
3705,60,45,0.0
3706,60,46,0.0
3707,60,47,0.0
3708,60,48,0.0
3709,60,49,0.0
3710,60,50,0.0
3711,60,51,0.0
3712,60,52,0.0
3713,60,53,0.0
3714,60,54,0.0
3715,60,55,0.0
3716,60,56,0.0
3717,60,57,0.0
3718,60,58,0.0
3719,60,59,0.0
3720,60,60,0.0
