,node,volatility,eign,closeness,betwness,centrality,community,density,name,type
160,726,2,0.0007708149029535353,0.08024711196814684,0.0,1,0,0.2222222222222222,"Lloyd, D.",outandin
1,1194,1,0.00011233535436460801,0.06829668576291277,0.0,2,0,0.2222222222222222,"Verbeek, K.",incoming
114,146,2,0.00011233535436460801,0.06829668576291277,0.0,2,0,0.2222222222222222,"Buchin, K.",outandin
214,334,2,0.0005658091386062926,0.0688090389944425,0.0,2,0,0.2222222222222222,"Filzmoser, P.",outandin
442,83,1,0.0015618204054139856,0.08067057957747743,0.0,2,0,0.2222222222222222,"Beecham, R.",incoming
203,54,2,0.002311450317605687,0.08074159241161254,0.0,3,0,0.2222222222222222,"Badawood, D.",outandin
284,735,2,0.0006286411154849714,0.068860697432126,0.0,3,0,0.2222222222222222,"Lundervold, A.",outandin
285,736,2,0.0006286411154849714,0.068860697432126,0.0,3,0,0.2222222222222222,"Lundervold, A.J.",outandin
371,15,1,0.00035971024284908764,0.068860697432126,0.0,3,0,0.2222222222222222,"Aigner, W.",incoming
372,27,1,0.00035971024284908764,0.068860697432126,0.0,3,0,0.2222222222222222,"Alsallakh, B.",incoming
373,789,3,0.00035971024284908764,0.068860697432126,0.0,3,0,0.2222222222222222,"Miksch, S.",incoming
471,941,2,0.0009911801518707173,0.08081273037849501,0.0,3,0,0.2222222222222222,"Reimer, A.",outandin
472,1333,2,0.0009911801518707173,0.08081273037849501,0.0,3,0,0.2222222222222222,"van Goethem, A.",outandin
0,1085,1,0.0010115952662684005,0.08095538303582686,0.0035056967572304996,5,0,0.2222222222222222,"Speckmann, B.",incoming
213,1178,1,0.0027814711843166507,0.08145865806358069,0.002575017737156212,7,0,0.2222222222222222,"Turkay, C.",incoming
249,123,2,0.0067944058513348445,0.10829096691805414,0.006970652707475038,7,0,0.2222222222222222,"Boukhelifa, N.",outandin
250,545,2,0.0067944058513348445,0.10829096691805414,0.006970652707475038,7,0,0.2222222222222222,"Isenberg, T.",outgoing
338,267,2,0.004620534307683541,0.08109854021184071,0.0,8,0,0.2222222222222222,"Dillingham, I.",outandin
339,285,2,0.004620534307683541,0.08109854021184071,0.0,8,0,0.2222222222222222,"Dove, G.",outandin
340,294,2,0.004620534307683541,0.08109854021184071,0.0,8,0,0.2222222222222222,"Duffy, A.",outandin
341,409,1,0.004620534307683541,0.08109854021184071,0.0,8,0,0.2222222222222222,"Goodwin, S.",incoming
342,579,1,0.004620534307683541,0.08109854021184071,0.0,8,0,0.2222222222222222,"Jones, S.",incoming
343,586,1,0.004620534307683541,0.08109854021184071,0.0,8,0,0.2222222222222222,"Kachkaev, A.",incoming
215,476,2,0.0028795284063525195,0.0816762680138841,0.007808522181878886,10,0,0.2222222222222222,"Hauser, H.",outgoing
3,1072,1,0.0075001745897549975,0.09820390683039812,0.00801858575741135,14,0,0.2222222222222222,"Slingsby, A.",
2,299,1,0.007712133120297192,0.09841464482788824,0.010631164531252176,16,0,0.2222222222222222,"Dykes, J.",
4,1267,1,0.007914142428997234,0.09883884588318087,0.017509007693056772,18,0,0.2222222222222222,"Wood, J.",
437,52,2,1.477382086158093e-64,0.00816326530612245,0.0,4,1,1.0,"Bachynskyi, M.",outandin
438,858,2,1.477382086158093e-64,0.00816326530612245,0.0,4,1,1.0,"Oulasvirta, A.",outandin
439,865,2,1.477382086158093e-64,0.00816326530612245,0.0,4,1,1.0,"Palmas, G.",outandin
440,1035,2,1.477382086158093e-64,0.00816326530612245,0.0,4,1,1.0,"Seidel, H.-P.",outandin
441,1236,1,1.477382086158093e-64,0.00816326530612245,0.0,4,1,1.0,"Weinkauf, T.",incoming
453,114,2,2.177962687603559e-82,0.006122448979591836,0.0,3,2,1.0,"Borner, K.",outandin
454,635,2,2.177962687603559e-82,0.006122448979591836,0.0,3,2,1.0,"Kobourov, S.",outandin
455,1000,1,2.177962687603559e-82,0.006122448979591836,0.0,3,2,1.0,"Saket, B.",incoming
456,1064,1,2.177962687603559e-82,0.006122448979591836,0.0,3,2,1.0,"Simonetto, P.",incoming
205,830,2,0.0019422336502224974,0.07245059161105201,0.0,1,3,0.18461538461538463,"Nick, B.",outandin
278,836,1,0.0019422336502224974,0.07245059161105201,0.0,1,3,0.18461538461538463,"Nocaj, A.",incoming
268,1327,2,0.019079982553762472,0.08677620527870562,0.0,3,3,0.18461538461538463,"Zinsmaier, M.",outandin
269,258,1,0.019079982553762472,0.08677620527870562,0.0,3,3,0.18461538461538463,"Deussen, O.",
49,598,2,0.07754986920389725,0.08819466248037677,0.0,4,3,0.18461538461538463,"Kashofer, K.",outandin
188,1099,2,0.06695503666262166,0.08819466248037677,0.0,4,3,0.18461538461538463,"Steinberger, M.",outandin
189,1208,2,0.06695503666262166,0.08819466248037677,0.0,4,3,0.18461538461538463,"Waldner, M.",outandin
204,131,1,0.019432940754602043,0.0869407099332624,0.0035140436542715247,5,3,0.18461538461538463,"Brandes, U.",
352,127,2,0.13615474273840608,0.0911753965999919,0.0,6,3,0.18461538461538463,"Boyd, M.",outandin
353,745,2,0.13615474273840608,0.0911753965999919,0.0,6,3,0.18461538461538463,"Macko, P.",outandin
354,1039,2,0.13615474273840608,0.0911753965999919,0.0,6,3,0.18461538461538463,"Seltzer, M.",outandin
355,1300,1,0.13615474273840608,0.0911753965999919,0.0,6,3,0.18461538461538463,"Yeh, C.S.",incoming
363,386,1,0.13266938196801273,0.10690262118833548,0.0007122685475007992,6,3,0.18461538461538463,"Gehlenborg, N.",incoming
401,156,1,0.12413933042823531,0.0911753965999919,0.0,6,3,0.18461538461538463,"Bylinskii, Z.",incoming
402,546,2,0.12413933042823531,0.0911753965999919,0.0,6,3,0.18461538461538463,"Isola, P.",outandin
403,852,1,0.12413933042823531,0.0911753965999919,0.0,6,3,0.18461538461538463,"Oliva, A.",incoming
404,1126,2,0.12413933042823531,0.0911753965999919,0.0,6,3,0.18461538461538463,"Sunkavalli, S.",outandin
405,1202,2,0.12413933042823531,0.0911753965999919,0.0,6,3,0.18461538461538463,"Vo, A.A.",outandin
444,16,2,0.10543623110813573,0.09163081816143041,0.0,6,3,0.18461538461538463,"Al-Awami, A.K.",outandin
445,95,1,0.10543623110813573,0.09163081816143041,0.0,6,3,0.18461538461538463,"Beyer, J.",incoming
446,451,2,0.10543623110813573,0.09163081816143041,0.0,6,3,0.18461538461538463,"Hadwiger, M.",outandin
447,599,2,0.10543623110813573,0.09163081816143041,0.0,6,3,0.18461538461538463,"Kasthuri, N.",outandin
448,707,2,0.10543623110813573,0.09163081816143041,0.0,6,3,0.18461538461538463,"Lichtman, J.W.",outandin
176,895,2,0.15882656851459045,0.09126611838765357,0.0,7,3,0.18461538461538463,"Peters, A.",outandin
177,794,2,0.15882656851459045,0.09126611838765357,0.0,7,3,0.18461538461538463,"Mitsouras, D.",outandin
178,783,2,0.15882656851459045,0.09126611838765357,0.0,7,3,0.18461538461538463,"Melchionna, S.",outandin
179,991,2,0.15882656851459045,0.09126611838765357,0.0,7,3,0.18461538461538463,"Rybicki, F.",outandin
180,325,2,0.15882656851459045,0.09126611838765357,0.0,7,3,0.18461538461538463,"Feldman, C.",outandin
350,590,2,0.15848920277340903,0.09330869682562751,0.0,7,3,0.18461538461538463,"Kalkofen, D.",outandin
351,1225,2,0.15848920277340903,0.09330869682562751,0.0,7,3,0.18461538461538463,"Wassermann, A.M.",outandin
349,421,2,0.17054407229724472,0.09340371586516481,8.346897041024999e-06,8,3,0.18461538461538463,"Gratzl, S.",outandin
48,875,2,0.1729612092593365,0.09524657214910888,0.0024185134176369933,9,3,0.18461538461538463,"Partl, C.",outandin
377,1205,1,0.10584895119091665,0.12411698102786446,0.0930101295557662,9,3,0.18461538461538463,"Vuillemot, R.",incoming
50,1016,2,0.18512881282839327,0.09544479602454926,0.0028511609142634537,11,3,0.18461538461538463,"Schmalstieg, D.",outandin
175,374,2,0.2083128209580952,0.09163081816143041,5.564598027349998e-05,11,3,0.18461538461538463,"Gajos, K.",outandin
47,1110,1,0.1971836823522289,0.09554421768707483,0.0029513236787557535,12,3,0.18461538461538463,"Streit, M.",incoming
270,1112,1,0.1523910754550464,0.10790876350540217,0.011414381703601685,12,3,0.18461538461538463,"Strobelt, H.",
46,697,1,0.2206484028132818,0.11024332810047095,0.02949306511970852,14,3,0.18461538461538463,"Lex, A.",incoming
174,113,1,0.26471179505013925,0.09209081222850588,0.00026431840629912497,16,3,0.18461538461538463,"Borkin, M.",incoming
7,899,1,0.4808019837050605,0.1146530612244898,0.07776386628270937,34,3,0.18461538461538463,"Pfister, H.",
45,243,2,5.728492494099386e-58,0.00705539358600583,0.0,1,4,0.3181818181818182,"Dasgupta, A.",outandin
44,648,2,2.585806113570234e-57,0.009877551020408163,8.346897041025e-05,2,4,0.3181818181818182,"Kosara, R.",outgoing
482,416,1,4.4465074775512966e-57,0.010736468500443656,0.0,2,4,0.3181818181818182,"Gramazio, C.C.",incoming
483,1015,1,4.4465074775512966e-57,0.010736468500443656,0.0,2,4,0.3181818181818182,"Schloss, K.B.",incoming
9,847,2,6.215249233321052e-57,0.011224489795918367,0.0,3,4,0.3181818181818182,"O'Brien, T.M.",outandin
10,959,2,6.215249233321052e-57,0.011224489795918367,0.0,3,4,0.3181818181818182,"Ritz, A.M.",outandin
11,935,2,6.215249233321052e-57,0.011224489795918367,0.0,3,4,0.3181818181818182,"Raphael, B.J.",outandin
241,407,2,1.063036163832689e-56,0.012996777658431793,0.0,4,4,0.3181818181818182,"Gomez, S.R.",outandin
242,568,2,1.063036163832689e-56,0.012996777658431793,0.0,4,4,0.3181818181818182,"Jianu, R.",outandin
243,443,2,1.063036163832689e-56,0.012996777658431793,0.0,4,4,0.3181818181818182,"Guo, H.",outandin
43,1326,1,1.1099319761659713e-56,0.014525810324129652,0.00015024414673844998,5,4,0.3181818181818182,"Ziemkiewicz, C.",
12,664,1,1.562475251158402e-56,0.017638483965014575,0.00030048829347689997,9,4,0.3181818181818182,"Laidlaw, D.H.",incoming
14,771,2,9.554088006059341e-63,0.007346938775510204,0.0,2,5,0.6190476190476191,"McDonnel, B.",outgoing
15,560,2,9.554088006059341e-63,0.007346938775510204,0.0,2,5,0.6190476190476191,"Javed, W.",outandin
289,9,2,2.629602383899898e-62,0.009183673469387754,0.0,4,5,0.6190476190476191,"Afzal, S.",outandin
290,742,1,2.629602383899898e-62,0.009183673469387754,0.0,4,5,0.6190476190476191,"Maciejewski, R.",incoming
291,554,2,2.629602383899898e-62,0.009183673469387754,0.0,4,5,0.6190476190476191,"Jang, Y.",outandin
292,301,3,2.629602383899898e-62,0.009183673469387754,0.0,4,5,0.6190476190476191,"Ebert, D.S.",outandin
13,308,1,3.0012601705583954e-62,0.012244897959183673,6.677517632819999e-05,6,5,0.6190476190476191,"Elmqvist, N.",
396,943,2,1.3535758381351072e-46,0.010331632653061225,0.0,2,6,0.5111111111111111,"Reinhardt, T.",outandin
417,823,1,1.5917872970817772e-46,0.010331632653061225,0.0,2,6,0.5111111111111111,"Netzel, R.",incoming
16,265,2,2.6257167291374255e-46,0.011807580174927116,0.0,4,6,0.5111111111111111,"Diehl, S.",outandin
17,80,2,2.6257167291374255e-46,0.011807580174927116,0.0,4,6,0.5111111111111111,"Beck, F.",outandin
171,642,2,2.5602268430227014e-46,0.011807580174927116,0.0,4,6,0.5111111111111111,"Konevtsova, N.",outandin
172,485,2,2.5602268430227014e-46,0.011807580174927116,0.0,4,6,0.5111111111111111,"Heinrich, J.",outandin
173,506,2,2.5602268430227014e-46,0.011807580174927116,0.0,4,6,0.5111111111111111,"Hoeferlin, M.",outandin
149,1190,2,2.8410032057000215e-46,0.012715855572998432,1.2520345561537498e-05,5,6,0.5111111111111111,"Vehlow, C.",outandin
18,149,1,4.100504377594683e-46,0.01653061224489796,6.26017278076875e-05,8,6,0.5111111111111111,"Burch, M.",incoming
148,1237,1,4.315790854157278e-46,0.018367346938775512,0.00010850966153332499,9,6,0.5111111111111111,"Weiskopf, D.",incoming
462,441,4,8.882418535345986e-138,0.0020408163265306124,0.0,1,7,1.0,"Guo, D.",outandin
463,1324,2,8.882418535345986e-138,0.0020408163265306124,0.0,1,7,1.0,"Zhu, X.",outandin
460,251,2,1.327573931232637e-26,0.01594043022614451,0.0,2,8,0.33986928104575165,"Dearden, J.",outandin
461,578,1,1.327573931232637e-26,0.01594043022614451,0.0,2,8,0.33986928104575165,"Jones, M.W.",incoming
295,1004,2,2.5332033993521534e-26,0.01843112244897959,0.0,4,8,0.33986928104575165,"Sansone, S.-A.",outandin
388,1003,2,2.5332033993521534e-26,0.01843112244897959,0.0,4,8,0.33986928104575165,"Sansone, S.",outandin
26,920,2,4.2794395640412926e-26,0.020337790288529202,0.0,5,8,0.33986928104575165,"Proctor, K.",outandin
27,555,2,4.2794395640412926e-26,0.020337790288529202,0.0,5,8,0.33986928104575165,"Janicke, H.",outandin
28,817,2,4.2794395640412926e-26,0.020337790288529202,0.0,5,8,0.33986928104575165,"Murray, T.",outandin
29,1160,2,4.2794395640412926e-26,0.020337790288529202,0.0,5,8,0.33986928104575165,"Thornton, I.M.",outandin
293,748,2,2.845892397192057e-26,0.01902567478604345,2.0867242602562497e-06,5,8,0.33986928104575165,"Maguire, E.",outandin
294,963,2,2.845892397192057e-26,0.01902567478604345,2.0867242602562497e-06,5,8,0.33986928104575165,"Rocca-Serra, P.",outandin
296,245,2,2.845892397192057e-26,0.01902567478604345,2.0867242602562497e-06,5,8,0.33986928104575165,"Davies, J.",outandin
226,1,2,5.659302481018606e-26,0.02106413994169096,0.0,6,8,0.33986928104575165,"Abdul-Rahman, A.",outandin
227,797,2,5.659302481018606e-26,0.02106413994169096,0.0,6,8,0.33986928104575165,"Mohamed, F.",outandin
228,419,2,5.659302481018606e-26,0.02106413994169096,0.0,6,8,0.33986928104575165,"Grant, P.W.",outandin
229,949,2,5.659302481018606e-26,0.02106413994169096,0.0,6,8,0.33986928104575165,"Reppa, I.",outandin
230,344,2,5.659302481018606e-26,0.02106413994169096,0.0,6,8,0.33986928104575165,"Floridi, L.",outandin
25,110,1,8.099994847134266e-26,0.02680890538033395,0.000333875881641,12,8,0.33986928104575165,"Borgo, R.",incoming
24,183,4,9.451489901220806e-26,0.03104189044038668,0.0005863695171320062,15,8,0.33986928104575165,"Chen, M.",outandin
337,1191,2,9.947171750436674e-67,0.006679035250463821,0.0,1,9,0.5714285714285714,"Vendettuoli, M.",outandin
30,1245,2,2.606416108419246e-66,0.008163265306122448,0.0,3,9,0.5714285714285714,"Wickham, H.",outandin
33,148,2,2.606416108419246e-66,0.008163265306122448,0.0,3,9,0.5714285714285714,"Buja, A.",outandin
258,348,2,2.606416108419246e-66,0.008163265306122448,0.0,3,9,0.5714285714285714,"Follett, L.",outandin
259,750,2,2.606416108419246e-66,0.008163265306122448,0.0,3,9,0.5714285714285714,"Majumder, M.",outandin
31,216,2,3.6713229086854207e-66,0.010495626822157433,1.6693794082049997e-05,5,9,0.5714285714285714,"Cook, D.",outandin
32,510,1,3.8745293500176145e-66,0.012244897959183673,5.842827928717499e-05,6,9,0.5714285714285714,"Hofmann, H.",incoming
34,327,2,2.177962687603559e-82,0.006122448979591836,0.0,3,10,1.0,"Feng, D.",outandin
35,657,2,2.177962687603559e-82,0.006122448979591836,0.0,3,10,1.0,"Kwock, L.",outandin
36,683,2,2.177962687603559e-82,0.006122448979591836,0.0,3,10,1.0,"Lee, Y.",outandin
37,1148,2,2.177962687603559e-82,0.006122448979591836,0.0,3,10,1.0,"Taylor, R.M.",outandin
96,1034,2,5.575920508360197e-33,0.01682429069188651,0.0,1,11,0.2545454545454545,"Segel, E.",outandin
39,12,2,6.568052723283549e-33,0.017031997984378936,0.0,2,11,0.2545454545454545,"Agrawala, M.",outgoing
40,643,2,6.568052723283549e-33,0.017031997984378936,0.0,2,11,0.2545454545454545,"Kong, N.",outandin
41,721,1,1.8625125706132758e-31,0.027591836734693877,0.001335503526564,2,11,0.2545454545454545,"Liu, Z.",
97,119,2,6.568052723283549e-33,0.017031997984378936,0.0,2,11,0.2545454545454545,"Bostock, M.",outgoing
183,1038,2,6.568052723283549e-33,0.017031997984378936,0.0,2,11,0.2545454545454545,"Selassie, D.",outandin
184,488,2,6.568052723283549e-33,0.017031997984378936,0.0,2,11,0.2545454545454545,"Heller, B.",outandin
187,850,2,6.568052723283549e-33,0.017031997984378936,0.0,2,11,0.2545454545454545,"Ogievetsky, V.",outandin
432,92,2,6.568052723283549e-33,0.017031997984378936,0.0,2,11,0.2545454545454545,"Bernstein, M.S.",outandin
433,252,2,6.568052723283549e-33,0.017031997984378936,0.0,2,11,0.2545454545454545,"Demiralp, C.D.",outandin
38,482,1,3.6913366312348933e-32,0.024203365556749012,0.0015441759525896249,10,11,0.2545454545454545,"Heer, J.",
286,905,2,3.723025227052348e-31,0.020288115246098436,0.0,3,12,0.35,"Pileggi, H.",outandin
288,128,2,3.7230252270523485e-31,0.020288115246098436,0.0,3,12,0.35,"Boyle, J.M.",outandin
457,284,2,2.588874224352829e-31,0.020288115246098436,0.0,3,12,0.35,"Dove, A.",outandin
458,749,1,2.588874224352829e-31,0.020288115246098436,0.0,3,12,0.35,"Major, T.",incoming
459,994,2,2.588874224352829e-31,0.020288115246098436,0.0,3,12,0.35,"Sadana, R.",outandin
381,75,1,3.304005479188396e-31,0.020590922936338716,0.0,4,12,0.35,"Basole, R.C.",incoming
382,207,2,3.304005479188396e-31,0.020590922936338716,0.0,4,12,0.35,"Clear, T.",outandin
383,523,1,3.304005479188396e-31,0.020590922936338716,0.0,4,12,0.35,"Hu, M.",incoming
384,780,2,3.304005479188396e-31,0.020590922936338716,0.0,4,12,0.35,"Mehrotra, H.",outandin
425,346,2,7.985805788292856e-31,0.02122448979591837,0.0,6,12,0.35,"Foerster, F.",outandin
426,400,2,7.985805788292856e-31,0.02122448979591837,0.0,6,12,0.35,"Goel, A.",outandin
427,177,2,7.985805788292856e-31,0.02122448979591837,0.0,6,12,0.35,"Chau, D.H.",outandin
428,588,2,7.985805788292856e-31,0.02122448979591837,0.0,6,12,0.35,"Kahng, M.",outandin
429,713,2,7.985805788292856e-31,0.02122448979591837,0.0,6,12,0.35,"Lin, Z.",outandin
287,1103,2,8.962959996800095e-31,0.021898283122772918,4.1734485205125e-05,8,12,0.35,"Stolper, C.D.",outandin
42,1097,0,1.1960957606527956e-30,0.030657596371882083,0.00198656149576395,16,12,0.35,"Stasko, J.",
53,710,2,6.0644212466903215e-81,0.007142857142857143,0.0,2,13,0.39285714285714285,"Lin, S.",outandin
54,1247,2,3.9598570201788953e-81,0.006666666666666666,0.0,2,13,0.39285714285714285,"Wilkinson, L.",outgoing
56,241,2,3.9598570201788953e-81,0.006666666666666666,0.0,2,13,0.39285714285714285,"Dang, T.N.",outandin
206,393,2,6.0644212466903215e-81,0.007142857142857143,0.0,2,13,0.39285714285714285,"Gerth, J.",outandin
424,1043,1,6.283468135049595e-81,0.008333333333333333,0.0,2,13,0.39285714285714285,"Setlur, V.",incoming
51,462,1,7.551779262973684e-81,0.007692307692307692,4.173448520512499e-06,3,13,0.39285714285714285,"Hanrahan, P.",outgoing
55,32,1,8.225854668806091e-81,0.009999999999999998,8.346897041025e-05,4,13,0.39285714285714285,"Anand, A.",
52,1135,1,1.1110331135493326e-80,0.011111111111111112,0.00010433621301281248,5,13,0.39285714285714285,"Talbot, J.",
57,1310,4,1.477382086158093e-64,0.00816326530612245,0.0,4,14,1.0,"Zhang, E.",outandin
58,900,2,1.477382086158093e-64,0.00816326530612245,0.0,4,14,1.0,"Pham, T.",outandin
59,494,2,1.477382086158093e-64,0.00816326530612245,0.0,4,14,1.0,"Hess, R.",outandin
60,582,2,1.477382086158093e-64,0.00816326530612245,0.0,4,14,1.0,"Ju, C.",outandin
61,784,2,1.477382086158093e-64,0.00816326530612245,0.0,4,14,1.0,"Metoyer, R.",outandin
484,1329,2,8.882418535345986e-138,0.0020408163265306124,0.0,1,15,1.0,"de Jonge, E.",outandin
485,1152,2,8.882418535345986e-138,0.0020408163265306124,0.0,1,15,1.0,"Tennekes, M.",outandin
412,624,1,1.461822334793986e-37,0.010904968047825191,0.0,1,16,0.21014492753623187,"Kindlmann, G.",incoming
62,1180,2,9.443719380263073e-37,0.019278425655976678,0.0,2,16,0.21014492753623187,"Tuttle, C.",outandin
364,632,2,8.758669254509936e-37,0.013840920983778128,0.0,2,16,0.21014492753623187,"Klosowski, J.T.",outandin
365,1013,1,8.963640917334203e-37,0.014020673204346674,0.00018363173490254997,3,16,0.21014492753623187,"Scheidegger, C.",incoming
137,533,1,2.428406261398076e-37,0.016357452071737787,0.0,4,16,0.21014492753623187,"Hurter, C.",
138,1149,1,2.428406261398076e-37,0.016357452071737787,0.0,4,16,0.21014492753623187,"Telea, A.C.",
139,312,2,2.428406261398076e-37,0.016357452071737787,0.0,4,16,0.21014492753623187,"Ersoy, O.",outandin
141,161,2,2.428406261398076e-37,0.016357452071737787,0.0,4,16,0.21014492753623187,"Cantareiro, G.",outandin
150,575,2,4.881325362187238e-37,0.019628942486085342,0.0,4,16,0.21014492753623187,"Joia, P.",outandin
151,210,2,4.881325362187238e-37,0.019628942486085342,0.0,4,16,0.21014492753623187,"Coimbra, D.",outandin
152,235,2,4.881325362187238e-37,0.019628942486085342,0.0,4,16,0.21014492753623187,"Cuminato, J.A.",outandin
449,292,2,2.428406261398077e-37,0.016357452071737787,0.0,4,16,0.21014492753623187,"Duarte, F.S.L.G.",outandin
450,316,2,2.428406261398077e-37,0.016357452071737787,0.0,4,16,0.21014492753623187,"Fadel, S.G.",outandin
451,318,2,2.428406261398077e-37,0.016357452071737787,0.0,4,16,0.21014492753623187,"Fatore, F.M.",outandin
452,1061,2,2.428406261398077e-37,0.016357452071737787,0.0,4,16,0.21014492753623187,"Sikansi, F.",outandin
63,838,2,1.2563442381782013e-36,0.02453617810760668,0.0011017904094153,6,16,0.21014492753623187,"Nonato, L.G.",outandin
195,332,1,4.225803831404694e-36,0.01769822683171629,0.0,6,16,0.21014492753623187,"Ferreira, N.",incoming
197,336,2,4.225803831404694e-36,0.01769822683171629,0.0,6,16,0.21014492753623187,"Fink, D.",outandin
198,607,2,4.225803831404694e-36,0.01769822683171629,0.0,6,16,0.21014492753623187,"Kelling, S.",outandin
199,1266,2,4.225803831404694e-36,0.01769822683171629,0.0,6,16,0.21014492753623187,"Wood, C.",outandin
200,363,2,4.225803831404694e-36,0.01769822683171629,0.0,6,16,0.21014492753623187,"Freire, J.",outandin
64,1062,2,4.53438062853775e-36,0.02297003907946157,0.0010517090271691498,8,16,0.21014492753623187,"Silva, C.",outandin
196,715,2,4.4742999241616386e-36,0.018613652357494723,0.0005008138224615,8,16,0.21014492753623187,"Lins, L.",outandin
140,881,2,7.605347058220236e-37,0.02297003907946157,0.0011351779975793997,12,16,0.21014492753623187,"Paulovich, F.V.",outgoing
146,1145,2,0.0006036384992658801,0.08612436523905337,0.0,2,17,0.20652173913043478,"Tatu, A.",outandin
216,653,2,0.0006036384992658801,0.08612436523905337,0.0,2,17,0.20652173913043478,"Krstajic, M.",outandin
231,788,2,0.0028896186235915222,0.0976809893286388,0.0,2,17,0.20652173913043478,"Micallef, L.",outandin
147,606,1,0.0006584879990674039,0.08620530919134571,4.173448520512499e-06,3,17,0.20652173913043478,"Keim, D.A.",outgoing
333,558,1,0.0025620222832626266,0.10317485824476023,0.0004639402304357855,3,17,0.20652173913043478,"Jansen, Y.",incoming
376,890,1,0.013468739007940773,0.10841897042504944,0.0002559715092581007,3,17,0.20652173913043478,"Perin, C.",incoming
406,124,1,0.0028523159304379413,0.09706079257099666,0.0,3,17,0.20652173913043478,"Boy, J.",incoming
407,948,2,0.0028523159304379413,0.09706079257099666,0.0,3,17,0.20652173913043478,"Rensink, R.A.",outandin
423,402,2,0.0035434216938526756,0.10506580639128504,0.0,3,17,0.20652173913043478,"Goffin, P.",outandin
68,56,2,0.004057117137190241,0.09809887591400197,0.0,4,17,0.20652173913043478,"Bae, J.",outandin
69,1226,2,0.004057117137190241,0.09809887591400197,0.0,4,17,0.20652173913043478,"Watson, B.",outandin
389,532,1,0.013242850439146178,0.11581117295403011,0.025687170042372195,4,17,0.20652173913043478,"Huron, S.",incoming
476,339,2,0.0025690540017119378,0.09544479602454926,0.0,4,17,0.20652173913043478,"Fischer, F.",outandin
477,369,2,0.0025690540017119378,0.09544479602454926,0.0,4,17,0.20652173913043478,"Fuchs, J.",outandin
478,751,2,0.0007681451124224683,0.08628640543705723,0.0,4,17,0.20652173913043478,"Manivannan, A.",outandin
479,843,2,0.0007681451124224683,0.08628640543705723,0.0,4,17,0.20652173913043478,"Nov, O.",outandin
480,868,2,0.0007681451124224683,0.08628640543705723,0.0,4,17,0.20652173913043478,"Pandey, A.V.",outandin
481,1008,2,0.0007681451124224683,0.08628640543705723,0.0,4,17,0.20652173913043478,"Satterthwaite, M",outandin
358,1249,1,0.005018230868189306,0.10727771810478579,4.4795014120167506e-05,5,17,0.20652173913043478,"Willett, W.",
66,286,1,0.008606698845748158,0.10984724428693633,0.014026490738647984,11,17,0.20652173913043478,"Dragicevic, P.",
67,96,1,0.007624138152627108,0.10893402491637987,0.0017917861113053305,11,17,0.20652173913043478,"Bezerianos, A.",
145,93,1,0.005381136222112535,0.10727771810478579,0.013202048567016648,14,17,0.20652173913043478,"Bertini, E.",incoming
65,324,1,0.02030513055741797,0.12311738118066018,0.05693786855299313,16,17,0.20652173913043478,"Fekete, J.-D.",
212,544,1,0.010129922239356246,0.12005556149161237,0.05971977912881879,16,17,0.20652173913043478,"Isenberg, P.",
70,1014,2,1.477382086158093e-64,0.00816326530612245,0.0,4,18,1.0,"Scheuermann, G.",outgoing
71,484,2,1.477382086158093e-64,0.00816326530612245,0.0,4,18,1.0,"Heine, C.",outgoing
72,1095,2,1.477382086158093e-64,0.00816326530612245,0.0,4,18,1.0,"Stadler, P.F.",outgoing
73,556,2,1.477382086158093e-64,0.00816326530612245,0.0,4,18,1.0,"Janicke, S.",outandin
74,489,2,1.477382086158093e-64,0.00816326530612245,0.0,4,18,1.0,"Hellmuth, M.",outandin
489,46,2,8.882418535345986e-138,0.0020408163265306124,0.0,1,19,1.0,"Armstrong, Z.",outandin
490,1227,2,8.882418535345986e-138,0.0020408163265306124,0.0,1,19,1.0,"Wattenberg, M.",outgoing
116,262,2,7.85105765492105e-05,0.07160222402778442,0.0,1,20,0.12660028449502134,"Diakopoulos, N.",outandin
202,1046,2,0.00015630813726293956,0.07165816326530612,0.0,2,20,0.12660028449502134,"Shah, P.",outandin
374,602,2,0.00027187610670972677,0.0827073480429142,0.0,2,20,0.12660028449502134,"Kazi, R.H.",outandin
375,1074,3,0.00027187610670972677,0.0827073480429142,0.0,2,20,0.12660028449502134,"Smith, G.",outgoing
466,1308,2,9.028896185223648e-05,0.07177030436587781,0.0,2,20,0.12660028449502134,"Zeleznik, R.",outandin
467,1309,2,9.028896185223648e-05,0.07177030436587781,0.0,2,20,0.12660028449502134,"Zgraggen, E.",outandin
76,298,1,0.0003498205857548216,0.08453681933602934,0.0,3,20,0.12660028449502134,"Dwyer, T.",
93,1251,2,0.0005145026271238788,0.08957270408163266,0.0,3,20,0.12660028449502134,"Williamson, C.",outgoing
95,433,2,0.0005145026271238788,0.08957270408163266,0.0,3,20,0.12660028449502134,"Gruen, D.",outandin
99,331,2,0.00017875584088306712,0.0718265066402442,0.0,3,20,0.12660028449502134,"Fernandez, R.",outgoing
101,981,2,0.00017875584088306712,0.0718265066402442,0.0,3,20,0.12660028449502134,"Ruble, S.",outandin
110,596,2,0.0009016168509068751,0.09330869682562751,0.0,3,20,0.12660028449502134,"Karlson, A.K.",outandin
113,638,2,0.0003115261417914475,0.08300674115800168,0.0,3,20,0.12660028449502134,"Koh, K.",outandin
186,237,2,0.00036423253044420216,0.08548224508815642,0.0,3,20,0.12660028449502134,"Czerwinski, M.",outgoing
275,923,2,4.523921151008215e-05,0.0710475979702493,0.0,3,20,0.12660028449502134,"Purchase, H.",outandin
276,1282,1,4.523921151008215e-05,0.0710475979702493,0.0,3,20,0.12660028449502134,"Wybrow, M.",
277,408,2,4.523921151008215e-05,0.0710475979702493,0.0,3,20,0.12660028449502134,"Goncu, C.",outandin
279,295,2,0.00041133505203572017,0.08445897696095013,0.0,3,20,0.12660028449502134,"Dumais, S.",outandin
348,778,2,0.0003498205857548216,0.08453681933602934,0.0,3,20,0.12660028449502134,"Mears, C.",outandin
122,1192,2,0.0008603908235139689,0.09264893836322408,0.0,4,20,0.12660028449502134,"Venolia, G.",outandin
123,320,2,0.0008603908235139689,0.09264893836322408,0.0,4,20,0.12660028449502134,"Fawcett, P.",outandin
303,573,2,0.0010191003626464521,0.09340371586516481,0.0,4,20,0.12660028449502134,"Johns, P.",outandin
434,529,2,8.351810450415106e-05,0.07001713662564263,0.0,4,20,0.12660028449502134,"Huh, J.",outandin
435,570,1,8.351810450415106e-05,0.07001713662564263,0.0,4,20,0.12660028449502134,"Jo, J.",incoming
436,873,2,8.351810450415106e-05,0.07001713662564263,0.0,4,20,0.12660028449502134,"Park, J.",outandin
185,932,2,0.0004787275721564678,0.08580210381626927,0.00023649541616237488,5,20,0.12660028449502134,"Ramos, G.",outandin
94,280,1,0.0008487187456263922,0.09283648682144924,0.0008778153388144611,6,20,0.12660028449502134,"Dork, M.",
111,1041,2,0.00033429290272326043,0.08323271232267862,0.0026042318767997997,6,20,0.12660028449502134,"Seo, J.",outgoing
112,617,2,0.00033429290272326043,0.08323271232267862,0.0026042318767997997,6,20,0.12660028449502134,"Kim, B.",outgoing
121,1212,1,0.001175459410666156,0.09359433569346107,5.564598027349998e-05,6,20,0.12660028449502134,"Walny, J.",incoming
201,7,1,0.0007783865649307718,0.08564187579793822,0.0008722507407871124,6,20,0.12660028449502134,"Adar, E.",incoming
274,755,1,0.00036215264377655417,0.08477120977781132,0.005233504444722674,6,20,0.12660028449502134,"Marriott, K.",
98,340,1,0.0007966690429668692,0.08572191493419798,0.0017278076874921748,7,20,0.12660028449502134,"Fisher, D.",
115,530,1,0.0007855204718020124,0.08572191493419798,0.0026334460164433872,7,20,0.12660028449502134,"Hullman, J.",incoming
100,291,1,0.0008130773595198877,0.08588244286478637,0.005233504444722674,9,20,0.12660028449502134,"Drucker, S.M.",incoming
92,167,0,0.0037845581841321014,0.11226737941198513,0.028190600490587924,13,20,0.12660028449502134,"Carpendale, S.",
109,680,1,0.0024483257093505188,0.10202719575038025,0.02106715620675806,15,20,0.12660028449502134,"Lee, B.",
75,492,1,0.002788085861105235,0.1043486336514128,0.04775781026563552,20,20,0.12660028449502134,"Henry Riche, N.",
344,983,2,6.245988325185458e-76,0.006679035250463821,0.0,1,21,0.47619047619047616,"Rufiange, S.",outandin
356,538,2,8.895896291297932e-76,0.007346938775510204,0.0,2,21,0.47619047619047616,"Im, J.",outandin
357,693,2,8.895896291297932e-76,0.007346938775510204,0.0,2,21,0.47619047619047616,"Leung, R.",outandin
77,193,4,1.5451174286836853e-75,0.008163265306122448,0.0,3,21,0.47619047619047616,"Chiricota, Y.",outandin
79,583,2,1.5451174286836853e-75,0.008163265306122448,0.0,3,21,0.47619047619047616,"Jurisica, I.",outgoing
80,1197,2,1.5451174286836853e-75,0.008163265306122448,0.0,3,21,0.47619047619047616,"Viau, C.",outandin
78,773,2,2.0968148738773628e-75,0.012244897959183673,9.181586745127498e-05,6,21,0.47619047619047616,"McGuffin, M.J.",outgoing
240,1139,2,8.640120148035545e-06,0.019530802975395768,0.0,1,22,0.20075757575757575,"Tanahashi, Y.",outandin
256,1264,1,4.561357938708874e-05,0.021109049680478255,0.0,1,22,0.20075757575757575,"Wongsuphasawat, K.",incoming
310,1306,2,7.983088574133421e-05,0.02612244897959184,0.0,2,22,0.20075757575757575,"Yuan, G.",outandin
271,739,2,1.0888135832627493e-05,0.019902818270165212,0.0,3,22,0.20075757575757575,"Ma, J.",outandin
272,706,2,1.0888135832627493e-05,0.019902818270165212,0.0,3,22,0.20075757575757575,"Liao, I.",outandin
273,359,2,1.0888135832627493e-05,0.019902818270165212,0.0,3,22,0.20075757575757575,"Frazier, J.",outandin
430,1233,2,0.0002942193016917305,0.029024943310657598,0.0,3,22,0.20075757575757575,"Wei, H.",outandin
431,1280,2,0.0002942193016917305,0.029024943310657598,0.0,3,22,0.20075757575757575,"Wu, Z.",outandin
378,718,2,0.0002804885248085844,0.03215070643642073,0.0,4,22,0.20075757575757575,"Liu, M.",outandin
379,720,2,0.0002804885248085844,0.03215070643642073,0.0,4,22,0.20075757575757575,"Liu, Y.",outandin
380,1231,2,0.0002804885248085844,0.03215070643642073,0.0,4,22,0.20075757575757575,"Wei, E.",outandin
107,1123,2,0.00043758536116289575,0.03028689736764271,0.0,5,22,0.20075757575757575,"Sun, J.",outandin
108,712,2,0.00043758536116289575,0.03028689736764271,0.0,5,22,0.20075757575757575,"Lin, Y.-R.",outandin
280,1290,2,0.0005400230922749782,0.029854227405247815,0.0,5,22,0.20075757575757575,"Xu, P.",outandin
281,185,1,0.0005400230922749782,0.029854227405247815,0.0,5,22,0.20075757575757575,"Chen, W.",incoming
323,711,2,0.00043703010608822635,0.029854227405247815,0.0,5,22,0.20075757575757575,"Lin, Y.",outandin
324,1124,2,0.00043703010608822635,0.029854227405247815,0.0,5,22,0.20075757575757575,"Sun, X.",outandin
325,674,2,0.00043703010608822635,0.029854227405247815,0.0,5,22,0.20075757575757575,"Lazer, D.",outandin
82,1232,2,0.0005955770589916452,0.03317136378360868,0.0,6,22,0.20075757575757575,"Wei, F.",outandin
84,1319,2,0.0005955770589916452,0.03317136378360868,0.0,6,22,0.20075757575757575,"Zhou, H.",outgoing
87,48,2,0.0005955770589916452,0.03317136378360868,0.0,6,22,0.20075757575757575,"Au, N.",outandin
105,412,2,0.00044185354362339264,0.030732292917166868,0.00025875380827177494,6,22,0.20075757575757575,"Gotz, D.",outandin
239,740,1,8.369585890955087e-05,0.02749731471535983,0.0009598931597178749,6,22,0.20075757575757575,"Ma, K.-L.",
127,1137,2,0.0007015401548325663,0.030732292917166868,0.0,7,22,0.20075757575757575,"Tan, L.",outandin
129,1081,2,0.0007015401548325663,0.030732292917166868,0.0,7,22,0.20075757575757575,"Song, Y.",outandin
130,381,2,0.0007015401548325663,0.030732292917166868,0.0,7,22,0.20075757575757575,"Gao, Z.",outandin
131,1168,2,0.0007015401548325663,0.030732292917166868,0.0,7,22,0.20075757575757575,"Tong, X.",outandin
106,162,1,0.0005602675267753723,0.03166357452071738,3.338758816409999e-05,8,22,0.20075757575757575,"Cao, N.",incoming
128,1053,1,0.0008026029138478701,0.03166357452071738,1.6693794082049997e-05,9,22,0.20075757575757575,"Shi, C.",incoming
86,1279,1,0.0006896168306310363,0.03869992441421013,0.0013647176662075872,11,22,0.20075757575757575,"Wu, Y.",incoming
85,234,1,0.0010893830489296103,0.03869992441421013,0.00036169887177774996,15,22,0.20075757575757575,"Cui, W.",
83,926,1,0.0013326665935791888,0.0435374149659864,0.0008458189001572001,20,22,0.20075757575757575,"Qu, H.",
81,719,1,0.0014664664841802788,0.0485999050783104,0.0016179068764520126,25,22,0.20075757575757575,"Liu, S.",
20,1106,3,0.0010198561671302543,0.06774183824194374,0.0,2,23,0.12310606060606061,"Storey, M.",outandin
21,417,2,0.0010198561671302543,0.06774183824194374,0.0,2,23,0.12310606060606061,"Grammel, L.",outandin
22,1127,2,0.0010198561671302543,0.06774183824194374,0.0,2,23,0.12310606060606061,"Swindells, C.",outgoing
23,1175,2,0.0010198561671302543,0.06774183824194374,0.0,2,23,0.12310606060606061,"Tsang, H.Y.",outandin
386,333,2,0.007734039752613152,0.07893498191014789,0.0,2,23,0.12310606060606061,"Ferstay, J.A.",outandin
387,834,2,0.007734039752613152,0.07893498191014789,0.0,2,23,0.12310606060606061,"Nielsen, C.B.",outgoing
8,250,2,0.061554785856123596,0.09368993767067604,0.0,3,23,0.12310606060606061,"DePace, A.",outandin
88,78,1,0.0022690607193466485,0.06860317799520707,0.0,3,23,0.12310606060606061,"Baur, D.",incoming
89,1036,2,0.0022690607193466485,0.06860317799520707,0.0,3,23,0.12310606060606061,"Seiffert, F.",outandin
91,111,2,0.0022690607193466485,0.06860317799520707,0.0,3,23,0.12310606060606061,"Boring, S.",outandin
282,358,2,0.009810749566496189,0.07996726153408182,0.0,3,23,0.12310606060606061,"Frank, A.",outandin
328,89,2,0.00033701250422629107,0.059598732280436544,0.0,3,23,0.12310606060606061,"Berger, W.",outgoing
329,435,2,0.00033701250422629107,0.059598732280436544,0.0,3,23,0.12310606060606061,"GrÃ¶ller, M.E.",outgoing
330,605,2,0.00033701250422629107,0.059598732280436544,0.0,3,23,0.12310606060606061,"Kehrer, J.",outandin
332,135,1,0.008700135364352938,0.07900297069732286,0.0,3,23,0.12310606060606061,"Brehmer, M.",incoming
418,13,2,0.008173593413365904,0.07812815074922644,0.0,3,23,0.12310606060606061,"Agutter, J.",outgoing
419,768,2,0.008173593413365904,0.07812815074922644,0.0,3,23,0.12310606060606061,"Mazur, D.",outandin
420,774,2,0.008173593413365904,0.07812815074922644,0.0,3,23,0.12310606060606061,"McKenna, S.",outandin
464,539,2,0.008700135364352938,0.07900297069732286,0.0,3,23,0.12310606060606061,"Ingram, S.",outandin
465,1108,2,0.008700135364352938,0.07900297069732286,0.0,3,23,0.12310606060606061,"Stray, J.",outandin
408,613,2,0.0014770767260277673,0.06789226423359869,0.0,4,23,0.12310606060606061,"Khot, R.A.",outandin
409,1011,2,0.0014770767260277673,0.06789226423359869,0.0,4,23,0.12310606060606061,"Sauka, F.",outandin
410,1116,2,0.0014770767260277673,0.06789226423359869,0.0,4,23,0.12310606060606061,"Stusak, S.",outandin
411,1130,2,0.0014770767260277673,0.06789226423359869,0.0,4,23,0.12310606060606061,"Tabard, A.",outandin
486,143,2,0.00260607322357294,0.0688090389944425,0.0,4,23,0.12310606060606061,"Bruckner, S.",outandin
487,486,2,0.00260607322357294,0.0688090389944425,0.0,4,23,0.12310606060606061,"Heinzl, C.",outandin
488,818,3,0.00260607322357294,0.0688090389944425,0.0,4,23,0.12310606060606061,"MÃ¶ller, T.",incoming
19,1170,1,0.009184273896948411,0.0801769658912516,0.006978005926296899,6,23,0.12310606060606061,"Tory, M.",
6,786,1,0.06543337476852377,0.09504916992703819,0.01354284044906306,7,23,0.12310606060606061,"Meyer, M.",
283,155,2,0.010347601901852401,0.08024711196814684,0.006944618338132799,7,23,0.12310606060606061,"Butz, A.",outandin
331,907,1,0.0026979401251178386,0.06896424735307657,0.005233504444722674,7,23,0.12310606060606061,"Piringer, H.",
5,816,0,0.06964858529371591,0.09634711027268052,0.03392596302324611,12,23,0.12310606060606061,"Munzner, T.",
90,1033,1,0.018164874785400298,0.0813142278187871,0.017344852051249946,12,23,0.12310606060606061,"Sedlmair, M.",incoming
125,413,2,7.623876500732892e-08,0.04957970215113072,0.0,1,24,0.24166666666666667,"Gou, L.",outandin
104,684,2,9.781119346743156e-06,0.06312625531974662,0.0,2,24,0.24166666666666667,"Legrady, G.",outandin
136,655,2,4.7505329585547385e-05,0.07308561671680625,0.0,3,24,0.24166666666666667,"Kuchera-Morin, J.",outandin
263,178,2,7.558588096714529e-07,0.05592832254853161,0.0,3,24,0.24166666666666667,"Che, L.",outandin
345,440,2,1.3131705133270096e-06,0.05579224390486122,0.0,3,24,0.24166666666666667,"Guo, C.",outandin
347,1222,1,1.3131705133270094e-06,0.05579224390486122,0.0,3,24,0.24166666666666667,"Wang, Z.",incoming
473,911,2,9.774930576636094e-08,0.04968713379176156,0.0,3,24,0.24166666666666667,"Polk, T.",outandin
474,1294,2,9.774930576636094e-08,0.04968713379176156,0.0,3,24,0.24166666666666667,"Yang, J.",outgoing
475,1318,2,9.774930576636094e-08,0.04968713379176156,0.0,3,24,0.24166666666666667,"Zhao, Y.",outandin
102,351,2,4.839409760635951e-05,0.07314389870780849,0.0008305162555819873,4,24,0.24166666666666667,"Forbes, A.G.",outandin
126,1313,1,7.627863225809701e-07,0.05596244599120918,0.0017611952756562748,4,24,0.24166666666666667,"Zhang, X.",incoming
346,946,1,5.808165013347169e-06,0.06360780095672111,0.0016860732022870497,4,24,0.24166666666666667,"Ren, D.",incoming
103,511,2,4.946862340294867e-05,0.07379118984681564,0.01928550561328826,6,24,0.24166666666666667,"Hollerer, T.",outandin
135,25,2,0.0003774414799927081,0.08669418618108869,0.02466508075622887,6,24,0.24166666666666667,"Alper, B.",outandin
264,524,2,7.825050933149744e-07,0.056030817947215546,0.005233504444722674,6,24,0.24166666666666667,"Hu, Y.",outandin
262,1307,2,6.0172610632573005e-06,0.06391808291260756,0.013663870456157924,7,24,0.24166666666666667,"Yuan, X.",outgoing
117,918,2,2.177962687603559e-82,0.006122448979591836,0.0,3,25,1.0,"Pretorius, A.J.",outgoing
118,133,2,2.177962687603559e-82,0.006122448979591836,0.0,3,25,1.0,"Bray, M.",outandin
119,168,2,2.177962687603559e-82,0.006122448979591836,0.0,3,25,1.0,"Carpenter, A.E.",outandin
120,982,2,2.177962687603559e-82,0.006122448979591836,0.0,3,25,1.0,"Ruddle, R.A.",outandin
164,203,2,5.078610967128552e-05,0.05150053283525651,0.0,1,26,0.21637426900584794,"Claessen, J.H.T.",outandin
422,1339,2,5.078610967128552e-05,0.05150053283525651,0.0,1,26,0.21637426900584794,"van der Corput, P.",outandin
443,1338,2,5.078610967128552e-05,0.05150053283525651,0.0,1,26,0.21637426900584794,"van den Elzen, S.",outandin
153,450,2,0.009333361581267949,0.07643537414965987,0.0,2,26,0.21637426900584794,"Hadlak, S.",outandin
237,270,1,5.642558945364999e-05,0.05152946571887182,0.0,2,26,0.21637426900584794,"Dinkla, K.",incoming
238,1241,2,5.642558945364999e-05,0.05152946571887182,0.0,2,26,0.21637426900584794,"Westenberg, M.A.",outandin
266,354,1,0.00017059638775579838,0.057687074829931975,0.0,2,26,0.21637426900584794,"Forsell, C.",
267,571,1,0.00017059638775579838,0.057687074829931975,0.0,2,26,0.21637426900584794,"Johansson, J.",
326,487,2,0.010369773007691275,0.07649912341917585,0.0,3,26,0.21637426900584794,"Heitzler, M.",outandin
327,837,4,0.010369773007691275,0.07649912341917585,0.0,3,26,0.21637426900584794,"Nocke, T.",outandin
190,1012,1,0.0004840403946157718,0.058236475542598,0.0,5,26,0.21637426900584794,"Scheepens, R.",incoming
191,1248,2,0.0004840403946157718,0.058236475542598,0.0,5,26,0.21637426900584794,"Willems, N.",outandin
192,1337,2,0.0004840403946157718,0.058236475542598,0.0,5,26,0.21637426900584794,"van de Wetering, H.",incoming
265,1165,2,0.0015362989400010544,0.06646554273883468,0.0035056967572304996,5,26,0.21637426900584794,"Tominski, C.",outgoing
154,1028,4,0.011663357120277279,0.07746828461114176,0.023145945494762322,7,26,0.21637426900584794,"Schumann, H.",outandin
193,35,2,0.001683413808258916,0.06680440566612661,0.007587329410291724,7,26,0.21637426900584794,"Andrienko, G.",outandin
194,36,2,0.001683413808258916,0.06680440566612661,0.007587329410291724,7,26,0.21637426900584794,"Andrienko, N.",outandin
124,1026,2,0.08172121814426835,0.09135702089600782,0.02915571136430032,8,26,0.21637426900584794,"Schulz, H.",outandin
163,1336,0,0.0005081383884925907,0.058421942025217735,0.008714160510830099,10,26,0.21637426900584794,"van Wijk, J.J.",
132,19,2,2.2352335083213825e-105,0.004081632653061225,0.0,2,27,1.0,"Albuquerque, G.",outandin
133,731,2,2.2352335083213825e-105,0.004081632653061225,0.0,2,27,1.0,"Lowe, T.",outandin
134,747,2,2.2352335083213825e-105,0.004081632653061225,0.0,2,27,1.0,"Magnor, M.",outandin
421,641,2,0.00017554561905685522,0.0729113266928393,0.0,1,28,0.225,"Kondo, B.",outandin
142,17,1,3.406727199632959e-05,0.0681444643236195,0.0,2,28,0.225,"Albers Szafir, D.",incoming
143,259,2,3.406727199632959e-05,0.0681444643236195,0.0,2,28,0.225,"Dewey, C.",outandin
385,375,2,0.011938503148480094,0.09820390683039812,0.0,2,28,0.225,"Gali, G.",outandin
169,904,2,0.0017388684867421717,0.08743798758779013,0.0,3,28,0.225,"Pietriga, E.",outandin
368,220,1,0.0003005993871959085,0.08059969154621427,0.0,3,28,0.225,"Correll, M.",incoming
370,842,2,0.0003005993871959085,0.08059969154621427,0.0,3,28,0.225,"Nothelfer, C.",outandin
468,176,1,0.00029982603706198765,0.08045828857858933,0.0,3,28,0.225,"Chang, R.",
469,470,1,0.00029982603706198765,0.08045828857858933,0.0,3,28,0.225,"Harrison, L.",incoming
470,1293,2,0.00029982603706198765,0.08045828857858933,0.0,3,28,0.225,"Yang, F.",outandin
167,1315,2,0.001898463320127293,0.0876050133520457,5.564598027349999e-06,4,28,0.225,"Zhao, J.",outandin
170,62,2,0.0018984633201272931,0.0876050133520457,5.564598027349999e-06,4,28,0.225,"Balakrishnan, R.",outgoing
257,212,1,0.0017564134817671128,0.0876050133520457,0.0017611952756562748,4,28,0.225,"Collins, C.",
144,397,1,0.00030679038251942877,0.08074159241161254,0.0035056967572304996,5,28,0.225,"Gleicher, M.",incoming
168,188,2,0.013601241451523433,0.10919339164237124,0.01613218702613974,8,28,0.225,"Chevalier, F.",outandin
369,357,1,0.002400236630102447,0.09852035336153796,0.013747339426568172,8,28,0.225,"Franconeri, S.",incoming
155,863,2,1.477382086158093e-64,0.00816326530612245,0.0,4,29,1.0,"Paiva, J.G.",outandin
156,343,2,1.477382086158093e-64,0.00816326530612245,0.0,4,29,1.0,"Florian, L.",outandin
157,884,2,1.477382086158093e-64,0.00816326530612245,0.0,4,29,1.0,"Pedrini, H.",outandin
158,1150,2,1.477382086158093e-64,0.00816326530612245,0.0,4,29,1.0,"Telles, G.P.",outandin
159,792,2,1.477382086158093e-64,0.00816326530612245,0.0,4,29,1.0,"Minghim, R.",outgoing
161,1221,1,8.882418535345986e-138,0.0020408163265306124,0.0,1,30,1.0,"Wang, Y.",
162,190,2,8.882418535345986e-138,0.0020408163265306124,0.0,1,30,1.0,"Chi, M.",outandin
165,965,2,8.882418535345986e-138,0.0020408163265306124,0.0,1,31,1.0,"Rodgers, J.",outandin
166,73,1,8.882418535345986e-138,0.0020408163265306124,0.0,1,31,1.0,"Bartram, L.",incoming
182,1042,2,2.5820825040969164e-64,0.005668934240362812,0.0,1,32,0.7333333333333333,"Sering, L.",outandin
222,337,2,9.949818182628402e-64,0.008503401360544217,0.0,4,32,0.7333333333333333,"Fink, M.",outandin
223,1024,2,9.949818182628402e-64,0.008503401360544217,0.0,4,32,0.7333333333333333,"Schulz, A.",outandin
224,1088,2,9.949818182628402e-64,0.008503401360544217,0.0,4,32,0.7333333333333333,"Spoerhase, J.",outandin
225,1260,2,9.949818182628402e-64,0.008503401360544217,0.0,4,32,0.7333333333333333,"Wolff, A.",outandin
181,474,2,1.0460982547122621e-63,0.01020408163265306,3.3387588164099995e-05,5,32,0.7333333333333333,"Haunert, J.",outandin
207,389,2,1.477382086158093e-64,0.00816326530612245,0.0,4,33,1.0,"Geng, Z.",outandin
208,886,2,1.477382086158093e-64,0.00816326530612245,0.0,4,33,1.0,"Peng, Z.",outandin
209,673,2,1.477382086158093e-64,0.00816326530612245,0.0,4,33,1.0,"Laramee, R.S.",outgoing
210,960,1,1.477382086158093e-64,0.00816326530612245,0.0,4,33,1.0,"Roberts, J.C.",incoming
211,1210,2,1.477382086158093e-64,0.00816326530612245,0.0,4,33,1.0,"Walker, R.",outandin
217,1289,2,1.477382086158093e-64,0.00816326530612245,0.0,4,34,1.0,"Xu, K.",outandin
218,971,2,1.477382086158093e-64,0.00816326530612245,0.0,4,34,1.0,"Rooney, C.",outandin
219,877,2,1.477382086158093e-64,0.00816326530612245,0.0,4,34,1.0,"Passmore, P.",outandin
220,456,2,1.477382086158093e-64,0.00816326530612245,0.0,4,34,1.0,"Ham, D.",outandin
221,828,2,1.477382086158093e-64,0.00816326530612245,0.0,4,34,1.0,"Nguyen, P.H.",outandin
232,77,2,8.882418535345986e-138,0.0020408163265306124,0.0,1,35,1.0,"Baudel, T.",outandin
233,140,2,8.882418535345986e-138,0.0020408163265306124,0.0,1,35,1.0,"Broeskema, B.",outandin
234,906,2,2.2352335083213825e-105,0.004081632653061225,0.0,2,36,1.0,"Pilhofer, A.",outandin
235,426,2,2.2352335083213825e-105,0.004081632653061225,0.0,2,36,1.0,"Gribov, A.",outandin
236,1183,2,2.2352335083213825e-105,0.004081632653061225,0.0,2,36,1.0,"Unwin, A.",outandin
244,621,1,1.477382086158093e-64,0.00816326530612245,0.0,4,37,1.0,"Kim, S.-H.",incoming
245,278,2,1.477382086158093e-64,0.00816326530612245,0.0,4,37,1.0,"Dong, Z.",outandin
246,1285,2,1.477382086158093e-64,0.00816326530612245,0.0,4,37,1.0,"Xian, H.",outandin
247,1184,2,1.477382086158093e-64,0.00816326530612245,0.0,4,37,1.0,"Upatising, B.",outandin
248,1302,1,1.477382086158093e-64,0.00816326530612245,0.0,4,37,1.0,"Yi, J.S.",
251,1188,2,1.477382086158093e-64,0.00816326530612245,0.0,4,38,1.0,"Vande Moere, A.",outandin
252,1166,2,1.477382086158093e-64,0.00816326530612245,0.0,4,38,1.0,"Tomitsch, M.",outandin
253,1255,2,1.477382086158093e-64,0.00816326530612245,0.0,4,38,1.0,"Wimmer, C.",outandin
254,199,2,1.477382086158093e-64,0.00816326530612245,0.0,4,38,1.0,"Christoph, B.",outandin
255,423,2,1.477382086158093e-64,0.00816326530612245,0.0,4,38,1.0,"Grechenig, T.",outandin
260,468,2,8.882418535345986e-138,0.0020408163265306124,0.0,1,39,1.0,"Haroz, S.",outandin
261,1243,2,8.882418535345986e-138,0.0020408163265306124,0.0,1,39,1.0,"Whitney, D.",outandin
297,107,2,5.480776614874453e-50,0.01020408163265306,0.0,5,40,1.0,"Block, F.",outandin
298,515,2,5.480776614874453e-50,0.01020408163265306,0.0,5,40,1.0,"Horn, M.S.",outandin
299,902,2,5.480776614874453e-50,0.01020408163265306,0.0,5,40,1.0,"Phillips, B.C.",outandin
300,263,2,5.480776614874453e-50,0.01020408163265306,0.0,5,40,1.0,"Diamond, J.",outandin
301,314,2,5.480776614874453e-50,0.01020408163265306,0.0,5,40,1.0,"Evans, E.M.",outandin
302,1050,2,5.480776614874453e-50,0.01020408163265306,0.0,5,40,1.0,"Shen, C.",outandin
304,741,1,5.480776614874453e-50,0.01020408163265306,0.0,5,41,1.0,"MacEachren, A.M.",outgoing
305,977,2,5.480776614874453e-50,0.01020408163265306,0.0,5,41,1.0,"Roth, R.E.",outandin
306,846,2,5.480776614874453e-50,0.01020408163265306,0.0,5,41,1.0,"O'Brien, J.",outandin
307,698,2,5.480776614874453e-50,0.01020408163265306,0.0,5,41,1.0,"Li, B.",outgoing
308,1128,2,5.480776614874453e-50,0.01020408163265306,0.0,5,41,1.0,"Swingley, D.",outandin
309,373,2,5.480776614874453e-50,0.01020408163265306,0.0,5,41,1.0,"Gahegan, M.",outandin
415,457,2,2.976978799262726e-11,0.014577259475218658,0.0,6,42,0.8545454545454545,"Hamann, B.",outandin
416,585,2,2.976978799262726e-11,0.014577259475218658,0.0,6,42,0.8545454545454545,"Jusufi, I.",outandin
311,668,2,4.0105625153974565e-11,0.017006802721088433,0.0,8,42,0.8545454545454545,"Landge, A.G.",outandin
312,695,2,4.0105625153974565e-11,0.017006802721088433,0.0,8,42,0.8545454545454545,"Levine, J.A.",outandin
317,669,2,4.0105625153974565e-11,0.017006802721088433,0.0,8,42,0.8545454545454545,"Langer, S.H.",outandin
319,876,1,4.0105625153974565e-11,0.017006802721088433,0.0,8,42,0.8545454545454545,"Pascucci, V.",incoming
313,98,2,4.620567988863207e-11,0.02040816326530612,1.3355035265639999e-05,10,42,0.8545454545454545,"Bhatele, A.",outandin
314,543,2,4.620567988863207e-11,0.02040816326530612,1.3355035265639999e-05,10,42,0.8545454545454545,"Isaacs, K.E.",outandin
315,376,2,4.620567988863207e-11,0.02040816326530612,1.3355035265639999e-05,10,42,0.8545454545454545,"Gamblin, T.",outandin
316,1027,2,4.620567988863207e-11,0.02040816326530612,1.3355035265639999e-05,10,42,0.8545454545454545,"Schulz, M.",outandin
318,136,1,4.620567988863207e-11,0.02040816326530612,1.3355035265639999e-05,10,42,0.8545454545454545,"Bremer, P.-T.",incoming
320,1172,2,2.2352335083213825e-105,0.004081632653061225,0.0,2,43,1.0,"Trimm, D.",outandin
321,951,2,2.2352335083213825e-105,0.004081632653061225,0.0,2,43,1.0,"Rheingans, P.",outgoing
322,1332,2,2.2352335083213825e-105,0.004081632653061225,0.0,2,43,1.0,"desJardins, M.",outgoing
334,61,2,2.2352335083213825e-105,0.004081632653061225,0.0,2,44,1.0,"Bakke, E.",outandin
335,595,2,2.2352335083213825e-105,0.004081632653061225,0.0,2,44,1.0,"Karger, D.R.",outandin
336,791,2,2.2352335083213825e-105,0.004081632653061225,0.0,2,44,1.0,"Miller, R.C.",outandin
359,516,1,2.177962687603559e-82,0.006122448979591836,0.0,3,45,1.0,"HornbÃ¦k, K.",incoming
360,552,2,2.177962687603559e-82,0.006122448979591836,0.0,3,45,1.0,"Jakobsen, M.R.",outandin
361,634,2,2.177962687603559e-82,0.006122448979591836,0.0,3,45,1.0,"Knudsen, S.",outandin
362,995,2,2.177962687603559e-82,0.006122448979591836,0.0,3,45,1.0,"Sahlemariam Haile, Y.",outandin
366,685,1,8.882418535345986e-138,0.0020408163265306124,0.0,1,46,1.0,"Lehmann, D.J.",incoming
367,1154,1,8.882418535345986e-138,0.0020408163265306124,0.0,1,46,1.0,"Theisel, H.",incoming
390,525,2,8.882418535345986e-138,0.0020408163265306124,0.0,1,47,1.0,"Hua, J.",outgoing
391,1132,2,8.882418535345986e-138,0.0020408163265306124,0.0,1,47,1.0,"Taimouri, V.",outandin
392,437,2,2.177962687603559e-82,0.006122448979591836,0.0,3,48,1.0,"Guerra-Gomez, J.",outandin
393,860,2,2.177962687603559e-82,0.006122448979591836,0.0,3,48,1.0,"Pack, M.L.",outandin
394,909,2,2.177962687603559e-82,0.006122448979591836,0.0,3,48,1.0,"Plaisant, C.",outgoing
395,1056,1,2.177962687603559e-82,0.006122448979591836,0.0,3,48,1.0,"Shneiderman, B.",outgoing
397,378,2,2.177962687603559e-82,0.006122448979591836,0.0,3,49,1.0,"Ganger, G.R.",outandin
398,769,2,2.177962687603559e-82,0.006122448979591836,0.0,3,49,1.0,"Mazurek, M.L.",outandin
399,1001,2,2.177962687603559e-82,0.006122448979591836,0.0,3,49,1.0,"Sambasivan, R.R.",outandin
400,1045,2,2.177962687603559e-82,0.006122448979591836,0.0,3,49,1.0,"Shafer, I.",outandin
413,980,1,8.882418535345986e-138,0.0020408163265306124,0.0,1,50,1.0,"Rubio-Sanchez, M.",incoming
414,1002,1,8.882418535345986e-138,0.0020408163265306124,0.0,1,50,1.0,"Sanchez, A.",incoming
