node,volatility,eign,closeness,betwness,centrality,community,density,name,type
354,1,5.419852344857953e-75,0.002336448598130841,0.0,1,19,1.0,"Forsell, C.",
571,1,5.419852344857953e-75,0.002336448598130841,0.0,1,19,1.0,"Johansson, J.",
1043,1,5.419852344857953e-75,0.002336448598130841,0.0,1,26,1.0,"Setlur, V.",
1105,1,5.419852344857953e-75,0.002336448598130841,0.0,1,26,1.0,"Stone, M.C.",incoming
685,1,5.419852344857953e-75,0.002336448598130841,0.0,1,14,1.0,"Lehmann, D.J.",
1154,1,5.419852344857953e-75,0.002336448598130841,0.0,1,14,1.0,"Theisel, H.",
510,1,5.419852344857953e-75,0.002336448598130841,0.0,1,9,1.0,"Hofmann, H.",
1189,1,5.419852344857953e-75,0.002336448598130841,0.0,1,9,1.0,"VanderPlas, S.",incoming
75,1,5.419852344857953e-75,0.002336448598130841,0.0,1,5,1.0,"Basole, R.C.",
749,1,5.419852344857953e-75,0.002336448598130841,0.0,1,5,1.0,"Major, T.",
1079,1,5.419852344857953e-75,0.002336448598130841,0.0,1,39,1.0,"Song, H.",incoming
17,1,5.419852344857953e-75,0.002336448598130841,0.0,1,39,1.0,"Albers Szafir, D.",
660,1,5.419852344857953e-75,0.002336448598130841,0.0,1,2,1.0,"KÃ¶pp, W.",incoming
1236,1,5.419852344857953e-75,0.002336448598130841,0.0,1,2,1.0,"Weinkauf, T.",
110,1,1.2896579724656296e-58,0.004672897196261682,0.0,2,6,1.0,"Borgo, R.",
578,1,1.2896579724656296e-58,0.004672897196261682,0.0,2,6,1.0,"Jones, M.W.",
1209,1,1.2896579724656296e-58,0.004672897196261682,0.0,2,6,1.0,"Walker, J.",incoming
151,1,1.2896579724656296e-58,0.004672897196261682,0.0,2,37,1.0,"Burlinson, D.",incoming
410,1,1.2896579724656296e-58,0.004672897196261682,0.0,2,37,1.0,"Goolkasian, P.",incoming
1118,1,1.2896579724656296e-58,0.004672897196261682,0.0,2,37,1.0,"Subramanian, K.",incoming
353,1,1.2896579724656296e-58,0.004672897196261682,0.0,2,8,1.0,"Forlini, S.",incoming
501,3,1.2896579724656296e-58,0.004672897196261682,0.0,2,8,1.0,"Hinrichs, U.",incoming
809,1,1.2896579724656296e-58,0.004672897196261682,0.0,2,8,1.0,"Moynihan, B.",incoming
478,1,1.8516857592643557e-67,0.0031152647975077876,0.0,1,30,0.6666666666666666,"He, S.",incoming
1119,1,1.8516857592643557e-67,0.0031152647975077876,0.0,1,30,0.6666666666666666,"Subramonyam, H.",incoming
7,1,2.6186791140047736e-67,0.004672897196261682,1.0943553152837664e-05,2,30,0.6666666666666666,"Adar, E.",
38,1,1.2896579724656296e-58,0.004672897196261682,0.0,2,23,1.0,"Angus, D.",incoming
157,1,1.2896579724656296e-58,0.004672897196261682,0.0,2,23,1.0,"Byrne, L.",incoming
1246,1,1.2896579724656296e-58,0.004672897196261682,0.0,2,23,1.0,"Wiles, J.",incoming
88,1,1.2896579724656296e-58,0.004672897196261682,0.0,2,35,1.0,"Berger, M.",incoming
772,1,1.2896579724656296e-58,0.004672897196261682,0.0,2,35,1.0,"McDonough, K.",incoming
1044,1,1.2896579724656296e-58,0.004672897196261682,0.0,2,35,1.0,"Seversky, L.M.",incoming
108,1,5.367561779771532e-47,0.007009345794392523,0.0,3,4,1.0,"Bogl, M.",incoming
321,1,5.367561779771532e-47,0.007009345794392523,0.0,3,4,1.0,"Federico, P.",incoming
436,1,5.367561779771532e-47,0.007009345794392523,0.0,3,4,1.0,"Gschwandtner, T.",incoming
789,3,5.367561779771532e-47,0.007009345794392523,0.0,3,4,1.0,"Miksch, S.",
68,1,5.367561779771532e-47,0.007009345794392523,0.0,3,38,1.0,"Barbosa, S.D.",incoming
172,1,5.367561779771532e-47,0.007009345794392523,0.0,3,38,1.0,"Celes, W.",incoming
548,1,5.367561779771532e-47,0.007009345794392523,0.0,3,38,1.0,"Ivson, P.",incoming
820,1,5.367561779771532e-47,0.007009345794392523,0.0,3,38,1.0,"Nascimento, D.",incoming
264,1,5.367561779771532e-47,0.007009345794392523,0.0,3,27,1.0,"Diaz, F.",incoming
936,1,5.367561779771532e-47,0.007009345794392523,0.0,3,27,1.0,"Raya, L.",incoming
980,1,5.367561779771532e-47,0.007009345794392523,0.0,3,27,1.0,"Rubio-Sanchez, M.",
1002,1,5.367561779771532e-47,0.007009345794392523,0.0,3,27,1.0,"Sanchez, A.",
742,1,1.1895442517824709e-56,0.004205607476635514,0.0,1,32,0.6666666666666666,"Maciejewski, R.",
175,1,2.2061735910482753e-56,0.005257009345794392,0.0,2,32,0.6666666666666666,"Chanana, K.",incoming
297,1,2.2061735910482753e-56,0.005257009345794392,0.0,2,32,0.6666666666666666,"Dunne, C.",incoming
1314,1,2.5814139060368163e-56,0.007009345794392523,2.1887106305675328e-05,3,32,0.6666666666666666,"Zhang, Y.",incoming
18,1,5.367561779771532e-47,0.007009345794392523,0.0,3,15,1.0,"Albo, Y.",incoming
59,3,5.367561779771532e-47,0.007009345794392523,0.0,3,15,1.0,"Bak, P.",incoming
671,1,5.367561779771532e-47,0.007009345794392523,0.0,3,15,1.0,"Lanir, J.",incoming
930,1,5.367561779771532e-47,0.007009345794392523,0.0,3,15,1.0,"Rafaeli, S.",incoming
280,1,5.367561779771532e-47,0.007009345794392523,0.0,3,12,1.0,"Dork, M.",
813,1,5.367561779771532e-47,0.007009345794392523,0.0,3,12,1.0,"Muller, B.",incoming
1096,1,5.367561779771532e-47,0.007009345794392523,0.0,3,12,1.0,"Stahnke, J.",incoming
1157,1,5.367561779771532e-47,0.007009345794392523,0.0,3,12,1.0,"Thom, A.",incoming
479,1,5.367561779771532e-47,0.007009345794392523,0.0,3,10,1.0,"Headleand, C.",incoming
958,1,5.367561779771532e-47,0.007009345794392523,0.0,3,10,1.0,"Ritsos, P.D.",incoming
960,1,5.367561779771532e-47,0.007009345794392523,0.0,3,10,1.0,"Roberts, J.C.",
551,1,5.367561779771532e-47,0.007009345794392523,0.0,3,10,1.0,"Jackson, J.R.",incoming
514,1,9.485843073268153e-52,0.005257009345794392,0.0,2,36,0.8333333333333334,"Horak, T.",incoming
626,1,9.485843073268153e-52,0.005257009345794392,0.0,2,36,0.8333333333333334,"Kister, U.",incoming
239,3,1.2149244003096597e-51,0.007009345794392523,5.471776576418832e-06,3,36,0.8333333333333334,"Dachselt, R.",incoming
670,1,1.2149244003096597e-51,0.007009345794392523,5.471776576418832e-06,3,36,0.8333333333333334,"Langner, R.",incoming
145,1,9.485843073268147e-52,0.006230529595015575,0.0,2,31,0.6,"Bryan, C.",incoming
1269,1,9.485843073268148e-52,0.006230529595015575,0.0,2,31,0.6,"Woodring, J.",incoming
229,1,9.485843073268148e-52,0.006230529595015575,0.0,2,31,0.6,"Crnovrsanin, T.",incoming
659,1,9.485843073268148e-52,0.006230529595015575,0.0,2,31,0.6,"Kwon, O.",incoming
740,1,1.4812644932925034e-51,0.009345794392523364,4.3774212611350656e-05,4,31,0.6,"Ma, K.-L.",
664,1,1.1464571581958002e-36,0.0073014018691588784,0.0,2,34,0.8,"Laidlaw, D.H.",
874,1,2.1879938954896818e-36,0.009735202492211837,0.0,4,34,0.8,"Parker, M.L.",incoming
1063,1,2.1879938954896818e-36,0.009735202492211837,0.0,4,34,0.8,"Silverman, A.T.",incoming
1214,1,2.1879938954896818e-36,0.009735202492211837,0.0,4,34,0.8,"Wang, A.S.",incoming
416,1,2.4084040185565477e-36,0.011682242990654205,1.6415329729256497e-05,5,34,0.8,"Gramazio, C.C.",
1015,1,2.4084040185565477e-36,0.011682242990654205,1.6415329729256497e-05,5,34,0.8,"Schloss, K.B.",
185,1,2.1493917600379322e-24,0.014018691588785047,0.0,6,20,1.0,"Chen, W.",
442,1,2.1493917600379322e-24,0.014018691588785047,0.0,6,20,1.0,"Guo, F.",incoming
458,1,2.1493917600379322e-24,0.014018691588785047,0.0,6,20,1.0,"Han, D.",incoming
832,1,2.1493917600379322e-24,0.014018691588785047,0.0,6,20,1.0,"Nie, X.",incoming
867,1,2.1493917600379322e-24,0.014018691588785047,0.0,6,20,1.0,"Pan, J.",incoming
1284,1,2.1493917600379322e-24,0.014018691588785047,0.0,6,20,1.0,"Xia, J.",incoming
1313,1,2.1493917600379322e-24,0.014018691588785047,0.0,6,20,1.0,"Zhang, X.",
1249,1,0.0028313569561621045,0.13073898166590062,0.0,2,25,0.7619047619047619,"Willett, W.",
516,1,0.0004098018757294896,0.11180015721897107,0.0,5,25,0.7619047619047619,"HornbÃ¦k, K.",
21,1,0.0004098018757294896,0.11180015721897107,0.0,5,25,0.7619047619047619,"Alexander, J.",incoming
466,1,0.0004098018757294896,0.11180015721897107,0.0,5,25,0.7619047619047619,"Hardy, J.",incoming
1131,1,0.0004098018757294896,0.11180015721897107,0.0,5,25,0.7619047619047619,"Taher, F.",incoming
1271,1,0.0004098018757294896,0.11180015721897107,0.0,5,25,0.7619047619047619,"Woodruff, J.",incoming
558,1,0.002997738919987381,0.1310971706567661,0.01723609621571932,7,25,0.7619047619047619,"Jansen, Y.",
621,1,8.239241034788331e-07,0.10290423073057983,0.0,2,18,0.6428571428571429,"Kim, S.-H.",
658,1,8.239241034788331e-07,0.10290423073057983,0.0,2,18,0.6428571428571429,"Kwon, B.C.",incoming
531,1,8.36396964576525e-06,0.11909026204509612,0.0,5,18,0.6428571428571429,"Hung, Y.",incoming
593,3,8.36396964576525e-06,0.11909026204509612,0.0,5,18,0.6428571428571429,"Kang, Y.",incoming
620,3,8.36396964576525e-06,0.11909026204509612,0.0,5,18,0.6428571428571429,"Kim, S.",incoming
1302,1,8.36396964576525e-06,0.11909026204509612,0.0,5,18,0.6428571428571429,"Yi, J.S.",
666,3,6.103954190622006e-05,0.14106859460412627,0.02397732495786732,7,18,0.6428571428571429,"Lam, H.",incoming
682,1,8.497791910846907e-06,0.11920893694499159,0.006960099805204754,7,18,0.6428571428571429,"Lee, S.",incoming
134,1,1.8277680815363047e-28,0.013518024032042724,0.0,4,13,0.5555555555555556,"Breeuwer, M.",incoming
305,1,1.8277680815363047e-28,0.013518024032042724,0.0,4,13,0.5555555555555556,"Eisemann, E.",incoming
306,1,1.8277680815363047e-28,0.013518024032042724,0.0,4,13,0.5555555555555556,"Eisemann, M.",incoming
931,1,1.8277680815363047e-28,0.013518024032042724,0.0,4,13,0.5555555555555556,"Raidou, R.G.",incoming
534,1,3.169171893095541e-28,0.014557872034507547,0.0,5,13,0.5555555555555556,"HÃ¶llt, T.",incoming
644,1,3.169171893095541e-28,0.014557872034507547,0.0,5,13,0.5555555555555556,"Koning, F.",incoming
690,1,3.169171893095541e-28,0.014557872034507547,0.0,5,13,0.5555555555555556,"Lelieveldt, B.P.F.",incoming
898,1,3.169171893095541e-28,0.014557872034507547,0.0,5,13,0.5555555555555556,"Pezzotti, N.",incoming
1335,1,3.169171893095541e-28,0.014557872034507547,0.0,5,13,0.5555555555555556,"van Unen, V.",incoming
1198,1,4.318245692450245e-28,0.02102803738317757,0.00021887106305675327,9,13,0.5555555555555556,"Vilanova, A.",incoming
835,1,0.010909196605608887,0.12300891334118154,0.0,2,28,0.3956043956043956,"Nobre, C.",incoming
43,1,0.00033931438828944043,0.09342145117087002,0.0,3,28,0.3956043956043956,"Arbesser, C.",incoming
819,1,0.00033931438828944043,0.09342145117087002,0.0,3,28,0.3956043956043956,"MÃ¼hlbacher, T.",incoming
818,3,0.00169492485786331,0.10652374730569818,0.0,5,28,0.3956043956043956,"MÃ¶ller, T.",
864,1,0.00169492485786331,0.10652374730569818,0.0,5,28,0.3956043956043956,"Pajer, S.",incoming
1169,1,0.00169492485786331,0.10652374730569818,0.0,5,28,0.3956043956043956,"Torsney-Weir, T.",incoming
15,1,0.0016798586353570053,0.10642897528852231,0.0,5,28,0.3956043956043956,"Aigner, W.",
420,1,0.0016798586353570053,0.10642897528852231,0.0,5,28,0.3956043956043956,"Grassinger, F.",incoming
518,1,0.0016798586353570053,0.10642897528852231,0.0,5,28,0.3956043956043956,"Hourieh, R.",incoming
833,1,0.0016798586353570053,0.10642897528852231,0.0,5,28,0.3956043956043956,"Niederer, C.",incoming
1101,1,0.0016798586353570053,0.10642897528852231,0.0,5,28,0.3956043956043956,"Stitz, H.",incoming
907,1,0.0017500302952975103,0.10661868825695103,0.0034691063494495396,7,28,0.3956043956043956,"Piringer, H.",
1084,1,0.0017500302952975103,0.10661868825695103,0.0034691063494495396,7,28,0.3956043956043956,"Spechtenhauser, F.",incoming
1110,1,0.012288327388202786,0.12377254860248221,0.04083039681323732,12,28,0.3956043956043956,"Streit, M.",
397,1,4.181393762609772e-05,0.1324763767710953,0.0,1,24,0.3047619047619048,"Gleicher, M.",
927,1,6.3437653920223904e-06,0.11909026204509612,0.0,1,24,0.3047619047619048,"Qu, Z.",incoming
942,1,7.729471230649176e-06,0.11914956994452097,0.0,2,24,0.3047619047619048,"Reinecke, K.",incoming
1057,1,1.5038417911067237e-05,0.1204088255906382,0.0,3,24,0.3047619047619048,"Shrestha, S.",incoming
827,1,1.967460691912321e-05,0.1204088255906382,0.0,3,24,0.3047619047619048,"Nguyen, F.",incoming
622,1,1.5666540880381708e-05,0.12046945440513501,7.842879759533661e-05,4,24,0.3047619047619048,"Kim, Y.",incoming
73,1,0.00046968077025085376,0.160787860516531,0.0,4,24,0.3047619047619048,"Bartram, L.",
925,1,6.648776065245681e-05,0.1411518209136272,0.0,4,24,0.3047619047619048,"Qiao, X.",incoming
1006,1,0.0004730764805308234,0.16089598954176068,0.0034909934557552148,5,24,0.3047619047619048,"Sarikaya, A.",incoming
589,1,6.808654794348545e-05,0.14123514548323385,0.001059700730299781,5,24,0.3047619047619048,"Kale, A.",incoming
1170,1,0.0004877069873222052,0.1644345954973183,0.03580010855871427,6,24,0.3047619047619048,"Tory, M.",
340,1,0.003823821859769734,0.18575491960294885,0.10816384247076848,7,24,0.3047619047619048,"Fisher, D.",
601,1,8.264083350147783e-05,0.1430935026606448,0.005542649111122933,8,24,0.3047619047619048,"Kay, M.",incoming
530,1,7.172532313693673e-05,0.1415694298512415,0.011133241407486828,9,24,0.3047619047619048,"Hullman, J.",
220,1,0.0005293361119107636,0.17287018529522985,0.13081796771836113,12,24,0.3047619047619048,"Correll, M.",
1135,1,6.67325867189312e-06,0.11338973291402756,0.0,1,0,0.375,"Talbot, J.",
767,1,1.4398721238387095e-05,0.12150956650512855,0.0,2,0,0.375,"Mayhua, A.",incoming
910,1,1.4398721238387095e-05,0.12150956650512855,0.0,2,0,0.375,"Poco, J.",incoming
509,1,2.0620113672614377e-05,0.12157130917103563,0.0,3,0,0.375,"Hoffswell, J.",incoming
988,1,2.0620113672614377e-05,0.12157130917103563,0.0,3,0,0.375,"Russell, R.",incoming
744,2,7.493904971982686e-05,0.13351134846461948,0.0,5,0,0.375,"Mackinlay, J.D.",incoming
1009,1,6.414845172074425e-05,0.1334368859166749,0.0012839121566652735,5,0,0.375,"Satyanarayan, A.",incoming
32,1,7.548112056944724e-05,0.13358589416448807,0.0034909934557552148,6,0,0.375,"Anand, A.",
709,1,3.962507868027337e-05,0.12175691422320516,0.0,6,0,0.375,"Lin, H.",incoming
821,1,3.962507868027337e-05,0.12175691422320516,0.0,6,0,0.375,"Nelson, G.L.",incoming
1073,1,3.962507868027337e-05,0.12175691422320516,0.0,6,0,0.375,"Smith, A.M.",incoming
1216,1,3.962507868027337e-05,0.12175691422320516,0.0,6,0,0.375,"Wang, C.",incoming
1264,1,0.00044289558029731086,0.15346525750391157,0.02540937248879395,8,0,0.375,"Wongsuphasawat, K.",
520,1,8.781527062193766e-05,0.13381003157080432,0.001939104084040502,9,0,0.375,"Howe, B.",incoming
804,1,9.302592863670818e-05,0.13388491127509689,0.001975582594549961,10,0,0.375,"Moritz, D.",incoming
482,1,0.00014844016413818417,0.14491358961150705,0.029794923805731285,16,0,0.375,"Heer, J.",
253,1,1.761792404167567e-13,0.017523364485981307,0.0,3,17,0.45,"Deng, C.",incoming
329,1,1.761792404167567e-13,0.017523364485981307,0.0,3,17,0.45,"Feng, M.",incoming
807,1,1.1324640094920586e-13,0.01812761843377377,0.0,3,17,0.45,"Mosca, A.",incoming
990,1,1.1324640094920586e-13,0.01812761843377377,0.0,3,17,0.45,"Ryan, G.",incoming
1276,1,1.1324640094920586e-13,0.01812761843377377,0.0,3,17,0.45,"Wu, E.",incoming
445,1,4.4155388654917623e-13,0.021904205607476634,0.0,6,17,0.45,"Gutheil, C.",incoming
454,1,4.4155388654917623e-13,0.021904205607476634,0.0,6,17,0.45,"Hakone, A.",incoming
1257,1,4.4155388654917623e-13,0.021904205607476634,0.0,6,17,0.45,"Winters, N.",incoming
8,1,5.323084344204967e-13,0.022856562373019095,0.0,7,17,0.45,"Afergan, D.",incoming
1147,1,5.323084344204967e-13,0.022856562373019095,0.0,7,17,0.45,"Taylor, H.A.",incoming
1326,1,5.323084344204967e-13,0.022856562373019095,0.0,7,17,0.45,"Ziemkiewicz, C.",
883,1,5.702634564196638e-13,0.025033377837116153,9.849197837553898e-05,9,17,0.45,"Peck, E.",incoming
459,1,6.749971028312652e-13,0.02628504672897196,3.2830659458512994e-05,10,17,0.45,"Han, P.K.J.",incoming
856,1,6.74997102831265e-13,0.02628504672897196,3.2830659458512994e-05,10,17,0.45,"Ottley, A.",incoming
470,1,7.129521248304325e-13,0.029205607476635514,0.00019698395675107796,12,17,0.45,"Harrison, L.",
176,1,7.115928132213141e-13,0.030923584387025835,0.0004267985729606689,13,17,0.45,"Chang, R.",
946,1,0.0008084985486281806,0.13950573553854118,0.0,2,16,0.2549019607843137,"Ren, D.",
826,1,0.00011638083504386769,0.1347141534057422,0.0,3,16,0.2549019607843137,"Ng, J.",incoming
1144,1,0.00011638083504386769,0.1347141534057422,0.0,3,16,0.2549019607843137,"Tate, K.",incoming
195,1,0.0009419057866338052,0.1395871274495905,0.0,3,16,0.2549019607843137,"Choe, E.K.",incoming
403,1,0.00046085537876272526,0.12409353550238492,0.0,3,16,0.2549019607843137,"Gogolou, A.",incoming
866,1,0.00046085537876272526,0.12409353550238492,0.0,3,16,0.2549019607843137,"Palpanas, T.",incoming
1174,1,0.00046085537876272526,0.12409353550238492,0.0,3,16,0.2549019607843137,"Tsandilas, T.",incoming
31,1,0.007191973052538316,0.15455577289961117,0.0,4,16,0.2549019607843137,"Amini, F.",incoming
542,3,0.007191973052538316,0.15455577289961117,0.0,4,16,0.2549019607843137,"Irani, P.P.",incoming
800,1,0.007191973052538316,0.15455577289961117,0.0,4,16,0.2549019607843137,"Monroy-Hernandez, A.",incoming
94,1,0.0013486194043092717,0.1379771259795837,0.0,4,16,0.2549019607843137,"BesanÃ§on, L.",incoming
106,1,0.0013486194043092717,0.1379771259795837,0.0,4,16,0.2549019607843137,"Blascheck, T.",incoming
816,0,0.00016094405385800188,0.147777848331438,0.01928020157228354,5,16,0.2549019607843137,"Munzner, T.",
544,1,0.0015095142331885826,0.14482586952094317,0.007088337136051026,6,16,0.2549019607843137,"Isenberg, P.",
135,1,0.0010395267957849978,0.1497198601055057,0.019854360299662963,7,16,0.2549019607843137,"Brehmer, M.",
96,1,0.0042929096827705356,0.14851169239515713,0.044306226161076115,11,16,0.2549019607843137,"Bezerianos, A.",
680,1,0.008108701819567559,0.16198533273432508,0.04070828132259437,11,16,0.2549019607843137,"Lee, B.",
492,1,0.05888513942729793,0.18809145947216832,0.060621206191543854,12,16,0.2549019607843137,"Henry Riche, N.",
82,2,0.0009213896823635903,0.11117673626793594,0.0,2,11,0.2,"Bederson, B.B.",incoming
1291,1,0.0009213896823635901,0.11117673626793594,0.0,2,11,0.2,"Yalcin, M.A.",incoming
93,1,0.00017456709284318446,0.1108162744087995,0.0,2,11,0.2,"Bertini, E.",
326,1,0.00017456709284318446,0.1108162744087995,0.0,2,11,0.2,"Felix, C.",incoming
76,1,0.0009213896823635903,0.11117673626793594,0.0,2,11,0.2,"Batch, A.",incoming
878,1,0.0009213896823635903,0.11117673626793594,0.0,2,11,0.2,"Patnaik, B.",incoming
559,1,0.0010959567752067748,0.11502516175413371,0.0,3,11,0.2,"Jardine, N.",incoming
854,1,0.0010959567752067748,0.11502516175413371,0.0,3,11,0.2,"Ondov, B.",incoming
209,1,0.0001029482503353947,0.10786850155482332,0.0,4,11,0.2,"Cohe, A.",incoming
300,3,0.0001029482503353947,0.10786850155482332,0.0,4,11,0.2,"Eagan, J.",incoming
678,3,0.0001029482503353947,0.10786850155482332,0.0,4,11,0.2,"Lecolinet, E.",incoming
722,1,0.0001029482503353947,0.10786850155482332,0.0,4,11,0.2,"Liutkus, B.",incoming
269,1,0.003180613626816318,0.13509448698396279,0.006054998207287735,4,11,0.2,"Dimara, E.",incoming
631,1,0.0019736749375031306,0.11128015648772005,0.0,4,11,0.2,"Klokmose, C.N.",incoming
761,1,0.0019736749375031306,0.11128015648772005,0.0,4,11,0.2,"Mathisen, A.",incoming
992,1,0.0019736749375031306,0.11128015648772005,0.0,4,11,0.2,"RÃ¤dle, R.",incoming
53,1,0.008880748221462122,0.1255917776633061,0.003981108300528729,5,11,0.2,"Badam, S.K.",incoming
57,1,0.0008560241621708989,0.1257898719498413,0.013832651185186806,7,11,0.2,"Bailly, G.",incoming
357,1,0.0018006759726837524,0.12995781447506688,0.018046621587675133,8,11,0.2,"Franconeri, S.",
308,1,0.009504222751450334,0.1304538366677198,0.026988757356303263,12,11,0.2,"Elmqvist, N.",
966,1,2.8228567826124172e-05,0.11076497057805468,0.0,1,22,0.2923076923076923,"Rodrigues, N.",incoming
1185,1,4.243101734951428e-05,0.09943987383566007,0.0,2,22,0.2923076923076923,"Valdez, A.C.",incoming
1325,1,4.243101734951428e-05,0.09943987383566007,0.0,2,22,0.2923076923076923,"Ziefle, M.",incoming
448,1,9.014522984825086e-05,0.11227233057184333,0.0,3,22,0.2923076923076923,"GÃ¶rtler, J.",incoming
131,1,0.00011067707483882982,0.11237780011676755,0.0,5,22,0.2923076923076923,"Brandes, U.",
401,1,0.00011067707483882982,0.11237780011676755,0.0,5,22,0.2923076923076923,"Goertler, J.",incoming
836,1,0.00011067707483882982,0.11237780011676755,0.0,5,22,0.2923076923076923,"Nocaj, A.",
63,1,7.192565586098339e-05,0.1109704714511123,0.0,5,22,0.2923076923076923,"Balakrishnan, S.",incoming
149,1,7.192565586098339e-05,0.1109704714511123,0.0,5,22,0.2923076923076923,"Burch, M.",
504,1,7.192565586098339e-05,0.1109704714511123,0.0,5,22,0.2923076923076923,"Hlawatsch, M.",incoming
823,1,7.192565586098339e-05,0.1109704714511123,0.0,5,22,0.2923076923076923,"Netzel, R.",
1025,1,0.00011832556961495406,0.11243060923336377,1.0943553152837664e-05,6,22,0.2923076923076923,"Schulz, C.",incoming
200,1,0.00024178903944342575,0.11333601916087074,0.0,6,22,0.2923076923076923,"Chu, X.",incoming
732,1,0.00028459815128124464,0.11338973291402756,0.0,7,22,0.2923076923076923,"Lu, K.",incoming
186,1,0.00028174980725477266,0.11338973291402756,0.0,7,22,0.2923076923076923,"Chen, X.",incoming
385,1,0.00028174980725477266,0.11338973291402756,0.0,7,22,0.2923076923076923,"Ge, T.",incoming
1125,1,0.00030969273707749396,0.11425613010916816,4.3774212611350656e-05,8,22,0.2923076923076923,"Sun, Y.",incoming
1017,1,0.000257549880197534,0.12953564507233248,0.006763115848453676,9,22,0.2923076923076923,"Schmauder, H.",incoming
1322,1,0.00033331068230912393,0.11349731330578658,9.849197837553897e-06,9,22,0.2923076923076923,"Zhu, L.",incoming
66,1,0.00033068627932796507,0.11349731330578658,9.849197837553897e-06,9,22,0.2923076923076923,"Bao, C.",incoming
179,3,0.00040634000503467715,0.11447480212851584,0.000176534672255743,12,22,0.2923076923076923,"Chen, B.",incoming
366,1,0.00048306855061812685,0.1310971706567661,0.013764633972136632,14,22,0.2923076923076923,"Fu, C.",incoming
1033,1,0.0004135727234377456,0.11458445232212552,0.007136634477460495,14,22,0.2923076923076923,"Sedlmair, M.",
1237,1,0.00030581051770520477,0.12995781447506688,0.018191312069488434,15,22,0.2923076923076923,"Weiskopf, D.",
258,1,0.000549516679404554,0.13152959672820128,0.024377014361706348,20,22,0.2923076923076923,"Deussen, O.",
1221,1,0.0005694930755923581,0.1326232463684025,0.04832000956757854,21,22,0.2923076923076923,"Wang, Y.",
1077,1,4.015027034720594e-05,0.10685678269254047,0.0,2,1,0.16666666666666666,"Sondag, M.",incoming
1194,1,4.015027034720594e-05,0.10685678269254047,0.0,2,1,0.16666666666666666,"Verbeek, K.",
586,1,0.0003774469509876811,0.12415793277041937,0.0,2,1,0.16666666666666666,"Kachkaev, A.",
390,1,0.0006034246574563327,0.14173716614253443,0.0,2,1,0.16666666666666666,"Gerdes, J.",incoming
776,1,0.0006034246574563327,0.14173716614253443,0.0,2,1,0.16666666666666666,"Mccurdy, N.",incoming
928,1,0.0006729017260257047,0.14198951718017694,0.0,3,1,0.16666666666666666,"Quinan, P.S.",incoming
211,1,0.000668204417394958,0.14182118343129704,0.0,3,1,0.16666666666666666,"Coles, K.",incoming
688,1,0.000668204417394958,0.14182118343129704,0.0,3,1,0.16666666666666666,"Lein, J.",incoming
770,1,0.000668204417394958,0.14182118343129704,0.0,3,1,0.16666666666666666,"McCurdy, N.",incoming
100,1,0.0036646455610186853,0.17052910652073994,0.0,3,1,0.16666666666666666,"Bigelow, A.",incoming
519,1,0.00013471221490929654,0.11962616822429906,0.0,3,1,0.16666666666666666,"House, D.H.",incoming
717,1,0.00013471221490929654,0.11962616822429906,0.0,3,1,0.16666666666666666,"Liu, L.",incoming
738,1,0.000407632184415517,0.12441619160093506,0.0,4,1,0.16666666666666666,"LÃ¶ffler, M.",incoming
1094,1,0.000407632184415517,0.12441619160093506,0.0,4,1,0.16666666666666666,"Staals, F.",incoming
1187,1,0.000407632184415517,0.12441619160093506,0.0,4,1,0.16666666666666666,"Van, G.A.",incoming
579,1,0.0026368703342682077,0.14759551909228757,0.0,4,1,0.16666666666666666,"Jones, S.",
612,1,0.0026368703342682077,0.14759551909228757,0.0,4,1,0.16666666666666666,"Kerzner, E.",incoming
785,1,0.0008572205353556344,0.1243515262206851,0.0,5,1,0.16666666666666666,"Meulemans, W.",incoming
83,1,0.0008572205353556344,0.1243515262206851,0.0,5,1,0.16666666666666666,"Beecham, R.",
228,1,0.0006947794495948234,0.14215825100926804,0.0034691063494495396,5,1,0.16666666666666666,"Creem-Regehr, S.H.",incoming
861,1,0.0006947794495948234,0.14215825100926804,0.0034691063494495396,5,1,0.16666666666666666,"Padilla, L.",incoming
1072,1,0.002285727996473373,0.1354003035928682,0.0016290241995436322,6,1,0.16666666666666666,"Slingsby, A.",
1178,1,0.002285727996473373,0.1354003035928682,0.0016290241995436322,6,1,0.16666666666666666,"Turkay, C.",
1267,1,0.0008878697313760412,0.12441619160093506,2.1887106305675328e-05,6,1,0.16666666666666666,"Wood, J.",
1085,1,0.0004141526978296604,0.12454572433555341,0.006960099805204754,6,1,0.16666666666666666,"Speckmann, B.",
409,1,0.017592192234281656,0.1635354316121655,0.02895590407071201,9,1,0.16666666666666666,"Goodwin, S.",
299,1,0.0033829690886136004,0.1486962936287123,0.03246204071459769,14,1,0.16666666666666666,"Dykes, J.",
786,1,0.006224340702541952,0.1746367419332833,0.06191439749486942,15,1,0.16666666666666666,"Meyer, M.",
1193,1,4.634159963766103e-05,0.09841725069872403,0.0,1,3,0.17980295566502463,"Veras, R.",incoming
78,1,0.0001599201740469588,0.09890547186796118,0.0,3,3,0.17980295566502463,"Baur, D.",
1161,1,0.00015992017404695878,0.09890547186796118,0.0,3,3,0.17980295566502463,"Thudt, A.",incoming
257,1,0.0007499933929717831,0.1319648849688903,0.0,3,3,0.17980295566502463,"Detienne, F.",incoming
315,1,0.0007499933929717831,0.1319648849688903,0.0,3,3,0.17980295566502463,"Eveillard, L.",incoming
570,1,0.0032594635683856816,0.13073898166590062,0.0,3,3,0.17980295566502463,"Jo, J.",
1196,1,0.0032594635683856816,0.13073898166590062,0.0,3,3,0.17980295566502463,"Vernier, F.",incoming
500,1,0.0005707011014804659,0.11322874417822912,0.0,4,3,0.17980295566502463,"Hill, M.",incoming
591,1,0.0005707011014804659,0.11322874417822912,0.0,4,3,0.17980295566502463,"Kamal, N.",incoming
124,1,0.003153906276133383,0.15317050989026768,0.013713015883122476,4,3,0.17980295566502463,"Boy, J.",
212,1,0.0005243595018428049,0.11328235627301048,0.0034909934557552148,4,3,0.17980295566502463,"Collins, C.",
37,1,0.0005661301746253216,0.11322874417822912,0.0,4,3,0.17980295566502463,"AndrÃ©, E.",incoming
649,1,0.0005661301746253216,0.11322874417822912,0.0,4,3,0.17980295566502463,"Koytek, P.",incoming
1195,1,0.0005661301746253216,0.11322874417822912,0.0,4,3,0.17980295566502463,"Vermeulen, J.",incoming
349,1,0.0036750946640427703,0.13189213696174096,0.0,4,3,0.17980295566502463,"Follmer, S.",incoming
399,1,0.0036750946640427703,0.13189213696174096,0.0,4,3,0.17980295566502463,"Goc, M.L.",incoming
729,1,0.0006132797087701114,0.11333601916087074,1.4591404203783552e-05,5,3,0.17980295566502463,"Loorak, M.H.",incoming
414,1,0.026112729408628795,0.1505678643477647,0.0,5,3,0.17980295566502463,"Grabowski, T.",incoming
496,1,0.026112729408628795,0.1505678643477647,0.0,5,3,0.17980295566502463,"Heulot, N.",incoming
746,1,0.026112729408628795,0.1505678643477647,0.0,5,3,0.17980295566502463,"Madhyastha, T.",incoming
1053,1,0.026112729408628795,0.1505678643477647,0.0,5,3,0.17980295566502463,"Shi, C.",
924,1,0.0006373382301635617,0.11328235627301048,0.0,5,3,0.17980295566502463,"Pusch, R.",incoming
1281,1,0.0006373382301635617,0.11328235627301048,0.0,5,3,0.17980295566502463,"Wun, T.",incoming
1212,1,0.0006373382301635617,0.11328235627301048,0.0,5,3,0.17980295566502463,"Walny, J.",
532,1,0.0006633096424517957,0.11338973291402756,0.003381557924226838,7,3,0.17980295566502463,"Huron, S.",
324,1,0.004582341085854603,0.1429225426813609,0.010382629729190173,9,3,0.17980295566502463,"Fekete, J.-D.",
167,0,0.0009862817866005198,0.11382128280142631,0.0038284196779677098,14,3,0.17980295566502463,"Carpendale, S.",
286,1,0.0290393293922101,0.15771413081647864,0.09621842575872891,15,3,0.17980295566502463,"Dragicevic, P.",
890,1,0.004287273408429346,0.13299184905425132,0.05033852057752779,16,3,0.17980295566502463,"Perin, C.",
1064,1,2.8457617787988188e-05,0.1320377132718533,0.0,2,29,0.16748768472906403,"Simonetto, P.",
523,1,0.00039871772262358135,0.14759551909228757,0.0,2,29,0.16748768472906403,"Hu, M.",
319,1,1.5771934395190987e-05,0.1287687494341217,0.0,2,29,0.16748768472906403,"Faust, R.",incoming
398,1,1.5771934395190987e-05,0.1287687494341217,0.0,2,29,0.16748768472906403,"Glickenstein, D.",incoming
142,1,0.0004580620013699823,0.1438679112739616,0.0,3,29,0.16748768472906403,"Brown, E.T.",incoming
618,1,0.0004580620013699823,0.1438679112739616,0.0,3,29,0.16748768472906403,"Kim, H.",incoming
213,1,1.750161743919947e-05,0.12883809178707492,0.0,3,29,0.16748768472906403,"Comba, J.L.D.",incoming
862,1,1.750161743919947e-05,0.12883809178707492,0.0,3,29,0.16748768472906403,"Pahins, C.A.L.",incoming
1100,1,1.750161743919947e-05,0.12883809178707492,0.0,3,29,0.16748768472906403,"Stephens, S.A.",incoming
1093,1,0.0035066708133783173,0.16742640759174118,0.0,3,29,0.16748768472906403,"Srinivasan, A.",incoming
624,1,6.712708669982046e-05,0.14732286727130428,0.0,3,29,0.16748768472906403,"Kindlmann, G.",
700,1,6.712708669982046e-05,0.14732286727130428,0.0,3,29,0.16748768472906403,"Li, M.",incoming
1007,1,0.0004580620013699823,0.1438679112739616,0.0,3,29,0.16748768472906403,"Sarvghad, A.",incoming
1235,1,0.0004580620013699823,0.1438679112739616,0.0,3,29,0.16748768472906403,"Weibel, N.",incoming
97,1,8.363364282992299e-05,0.13189213696174096,0.0,4,29,0.16748768472906403,"Bhaskar, A.S.",incoming
332,1,8.363364282992299e-05,0.13189213696174096,0.0,4,29,0.16748768472906403,"Ferreira, N.",
1234,1,8.363364282992299e-05,0.13189213696174096,0.0,4,29,0.16748768472906403,"Wei, Y.",incoming
1253,1,0.0003846750408174723,0.14065393089276787,0.0,4,29,0.16748768472906403,"Wilson, A.T.",incoming
1000,1,0.0005324679701267184,0.14404114175111266,2.1887106305675328e-05,5,29,0.16748768472906403,"Saket, B.",
11,1,0.001163425909993419,0.1529746396730167,0.0,6,29,0.16748768472906403,"Agnihotri, M.",incoming
1211,1,0.001163425909993419,0.1529746396730167,0.0,6,29,0.16748768472906403,"Wall, E.",incoming
271,1,0.0012445078795625683,0.16132996388981666,0.034248898083528115,8,29,0.16748768472906403,"Divis, K.",incoming
449,1,0.0012445078795625683,0.16132996388981666,0.034248898083528115,8,29,0.16748768472906403,"Haass, M.",incoming
766,1,0.0012445078795625683,0.16132996388981666,0.034248898083528115,8,29,0.16748768472906403,"Matzen, L.",incoming
1097,0,0.004067679082343485,0.17988897477338203,0.0824367241160081,10,29,0.16748768472906403,"Stasko, J.",
291,1,0.031417316745410304,0.2007150473562065,0.24604533574437495,11,29,0.16748768472906403,"Drucker, S.M.",
309,1,0.004191382263640348,0.17775062143283663,0.06916352595067635,13,29,0.16748768472906403,"Endert, A.",incoming
1222,1,0.000602062418569194,0.15028413093504908,0.11629256417810405,13,29,0.16748768472906403,"Wang, Z.",
1013,1,0.0001598128814114728,0.15535866003155724,0.09733721650637835,14,29,0.16748768472906403,"Scheidegger, C.",
367,1,2.5174894811925328e-05,0.1045226458927908,0.0,4,21,0.1949579831932773,"Fu, S.",incoming
1219,1,2.5174894811925328e-05,0.1045226458927908,0.0,4,21,0.1949579831932773,"Wang, Q.",incoming
162,1,5.9034016166808775e-05,0.11722309478128276,0.0,5,21,0.1949579831932773,"Cao, N.",
182,3,1.9082748682544127e-05,0.10272749525487253,0.0,5,21,0.1949579831932773,"Chen, J.",incoming
184,1,1.9082748682544127e-05,0.10272749525487253,0.0,5,21,0.1949579831932773,"Chen, R.",incoming
254,1,1.9082748682544127e-05,0.10272749525487253,0.0,5,21,0.1949579831932773,"Deng, Z.",incoming
1239,1,1.9082748682544127e-05,0.10272749525487253,0.0,5,21,0.1949579831932773,"Weng, D.",incoming
1277,1,1.9082748682544127e-05,0.10272749525487253,0.0,5,21,0.1949579831932773,"Wu, F.",incoming
702,1,4.4239183635964644e-06,0.0922685447160039,0.0,5,21,0.1949579831932773,"Li, T.",incoming
663,1,2.6272796308905878e-05,0.10321498552571101,0.0,5,21,0.1949579831932773,"Lai, J.",incoming
979,1,2.6272796308905878e-05,0.10321498552571101,0.0,5,21,0.1949579831932773,"Rubab, S.",incoming
1142,1,2.6272796308905878e-05,0.10321498552571101,0.0,5,21,0.1949579831932773,"Tang, T.",incoming
1305,1,2.6272796308905878e-05,0.10321498552571101,0.0,5,21,0.1949579831932773,"Yu, L.",incoming
1295,1,0.00011417154846309767,0.11885361969627328,0.0,6,21,0.1949579831932773,"Yang, S.",incoming
1321,1,0.00011417154846309767,0.11885361969627328,0.0,6,21,0.1949579831932773,"Zhou, Z.",incoming
1323,1,0.00011417154846309767,0.11885361969627328,0.0,6,21,0.1949579831932773,"Zhu, M.",incoming
723,3,2.3122104766042665e-06,0.08238716819855307,0.0,6,21,0.1949579831932773,"Livnat, Y.",incoming
1155,1,2.3122104766042665e-06,0.08238716819855307,0.0,6,21,0.1949579831932773,"Thiagarajan, J.J.",incoming
1215,1,2.3122104766042665e-06,0.08238716819855307,0.0,6,21,0.1949579831932773,"Wang, B.",incoming
566,1,6.283209401019978e-05,0.10465981471942176,0.0,6,21,0.1949579831932773,"Ji, C.",incoming
667,1,6.283209401019978e-05,0.10465981471942176,0.0,6,21,0.1949579831932773,"Lan, J.",incoming
1058,1,6.283209401019978e-05,0.10465981471942176,0.0,6,21,0.1949579831932773,"Shu, X.",incoming
1217,3,6.283209401019978e-05,0.10465981471942176,0.0,6,21,0.1949579831932773,"Wang, J.",incoming
1316,1,6.283209401019978e-05,0.10465981471942176,0.0,6,21,0.1949579831932773,"Zhao, K.",incoming
136,1,5.018341766006915e-06,0.09237541947822321,0.0025772067674932706,8,21,0.1949579831932773,"Bremer, P.-T.",
719,1,5.018341766006915e-06,0.09237541947822321,0.0025772067674932706,8,21,0.1949579831932773,"Liu, S.",
876,1,5.018341766006915e-06,0.09237541947822321,0.0025772067674932706,8,21,0.1949579831932773,"Pascucci, V.",
1092,1,5.018341766006915e-06,0.09237541947822321,0.0025772067674932706,8,21,0.1949579831932773,"Srikumar, V.",incoming
1052,1,0.00013649607032432186,0.11986590002434776,0.0009765099658966354,9,21,0.1949579831932773,"Shen, Q.",incoming
705,1,2.7271140146649955e-05,0.10488923123568528,0.02731510866948281,9,21,0.1949579831932773,"Li, Z.",incoming
44,3,0.00015204849993627568,0.13655955276746468,0.06227238026055679,11,21,0.1949579831932773,"Archambault, D.",incoming
926,1,0.0001431199635722387,0.12053014430659854,0.028960248687723306,12,21,0.1949579831932773,"Qu, H.",
234,1,7.463800876828311e-05,0.11809098541391812,0.015033620874629713,12,21,0.1949579831932773,"Cui, W.",
1311,1,0.0002948594246599316,0.11508048891226462,0.013345374681711653,12,21,0.1949579831932773,"Zhang, H.",incoming
1279,1,0.00012807536858879746,0.11879460598242211,0.030750477305431033,20,21,0.1949579831932773,"Wu, Y.",
163,1,0.0005700699549210723,0.12441619160093506,0.0,1,7,0.15798319327731092,"Cappers, B.C.M.",incoming
798,1,5.624635839714689e-05,0.10704802525664345,0.0,1,7,0.15798319327731092,"Molchanov, V.",incoming
765,1,0.0006318649682102074,0.12480560065132923,0.0,2,7,0.15798319327731092,"Matute, J.",incoming
1012,1,0.006404099299690738,0.14906687629196144,0.0,3,7,0.15798319327731092,"Scheepens, R.",
1337,2,0.006404099299690738,0.14906687629196144,0.0,3,7,0.15798319327731092,"van de Wetering, H.",
1282,1,0.01475888328772141,0.1386970066368685,0.0,3,7,0.15798319327731092,"Wybrow, M.",
716,1,0.0006364322423263795,0.1248707392737986,0.0034909934557552148,3,7,0.15798319327731092,"Linsen, L.",incoming
831,1,0.006410185871317016,0.14925286116568817,0.0,3,7,0.15798319327731092,"Nicol, F.",incoming
922,1,0.006410185871317016,0.14925286116568817,0.0,3,7,0.15798319327731092,"Puechmorel, S.",incoming
1336,0,0.006450389683796615,0.1491598107534901,0.0034909934557552148,4,7,0.15798319327731092,"van Wijk, J.J.",
95,1,0.08291721422552081,0.16754365297520876,0.0,4,7,0.15798319327731092,"Beyer, J.",
386,1,0.07280658726844202,0.15161745022091136,0.0,4,7,0.15798319327731092,"Gehlenborg, N.",
609,1,0.07280658726844202,0.15161745022091136,0.0,4,7,0.15798319327731092,"Kerpedjiev, P.",incoming
689,1,0.07280658726844202,0.15161745022091136,0.0,4,7,0.15798319327731092,"Lekschas, F.",incoming
377,1,0.019825580871407508,0.13885800142112487,0.0,5,7,0.15798319327731092,"Gange, G.",incoming
1303,1,0.019825580871407508,0.13885800142112487,0.0,5,7,0.15798319327731092,"Yoghourdjian, V.",incoming
662,1,0.03257765847197705,0.15729936650137943,0.0,5,7,0.15798319327731092,"Laha, B.",incoming
1158,1,0.03257765847197705,0.15729936650137943,0.0,5,7,0.15798319327731092,"Thomas, B.H.",incoming
1149,1,0.0065131731715251,0.14953271028037382,0.010407319048348618,5,7,0.15798319327731092,"Telea, A.C.",
181,1,0.032202096893466016,0.15729936650137943,0.0,5,7,0.15798319327731092,"Chen, H.",incoming
561,1,0.032202096893466016,0.15729936650137943,0.0,5,7,0.15798319327731092,"Jenny, B.",incoming
24,1,0.029348277887252118,0.17735532724136258,0.0,5,7,0.15798319327731092,"Alligier, R.",incoming
615,1,0.021024019871233916,0.13893863905261214,1.0943553152837662e-05,6,7,0.15798319327731092,"Kieffer, S.",incoming
1296,1,0.03363060435458376,0.16014212613694653,0.0021659550286650844,6,7,0.15798319327731092,"Yang, Y.",incoming
1205,1,0.029604379033992705,0.1805678010932816,0.016293688109114145,6,7,0.15798319327731092,"Vuillemot, R.",
196,1,0.10071997878086814,0.167778637060728,0.0,6,7,0.15798319327731092,"Choi, J.",incoming
563,1,0.10071997878086814,0.167778637060728,0.0,6,7,0.15798319327731092,"Jeong, W.",incoming
699,3,0.10071997878086814,0.167778637060728,0.0,6,7,0.15798319327731092,"Li, J.",incoming
1060,1,0.10745295321030823,0.1678963764551566,8.207664864628248e-06,7,7,0.15798319327731092,"Sicat, R.",incoming
628,1,0.03750455590589536,0.15761023481462327,0.0010071612923610608,8,7,0.15798319327731092,"Klein, K.",incoming
533,1,0.059608440358075,0.18561081182978909,0.053007834390351165,14,7,0.15798319327731092,"Hurter, C.",
298,1,0.07298703379612928,0.16992353440951571,0.019960787712829088,16,7,0.15798319327731092,"Dwyer, T.",
755,1,0.07298703379612928,0.16992353440951571,0.019960787712829088,16,7,0.15798319327731092,"Marriott, K.",
218,1,0.15256286126018018,0.19514872467259226,0.1573487608696665,20,7,0.15798319327731092,"Cordeil, M.",incoming
51,1,0.18809045812028133,0.18084076829070153,0.11817024620285475,23,7,0.15798319327731092,"Bach, B.",incoming
947,1,0.009726512072783614,0.12138626912663526,0.0,1,33,0.18536585365853658,"Ren, L.",incoming
452,1,0.059672583277450085,0.1430935026606448,0.0,2,33,0.18536585365853658,"Haehn, D.",incoming
387,1,0.07493211478596928,0.1431791361152592,0.0,3,33,0.18536585365853658,"Gehrmann, S.",incoming
986,1,0.07493211478596928,0.1431791361152592,0.0,3,33,0.18536585365853658,"Rush, A.M.",incoming
202,1,0.08297627410946819,0.14326487212490907,0.0,4,33,0.18536585365853658,"Chul, B.",incoming
848,3,0.08297627410946819,0.14326487212490907,0.0,4,33,0.18536585365853658,"Oelke, D.",incoming
1020,3,0.08297627410946819,0.14326487212490907,0.0,4,33,0.18536585365853658,"Schreck, T.",incoming
270,1,0.09724955066522475,0.14335071087393536,0.0,5,33,0.18536585365853658,"Dinkla, K.",
388,1,0.09724955066522475,0.14335071087393536,0.0,5,33,0.18536585365853658,"Genest, B.",incoming
940,1,0.09724955066522475,0.14335071087393536,0.0,5,33,0.18536585365853658,"Reiling, S.",incoming
431,2,0.08565755960286835,0.1517135931823704,0.0,5,33,0.18536585365853658,"Gross, M.H.",incoming
537,1,0.08565755960286835,0.1517135931823704,0.0,5,33,0.18536585365853658,"Im, H.",incoming
1022,1,0.08565755960286835,0.1517135931823704,0.0,5,33,0.18536585365853658,"Schriber, S.",incoming
121,1,0.1092666123805927,0.14473825556479014,0.0,6,33,0.18536585365853658,"Botros, J.",incoming
896,1,0.1092666123805927,0.14473825556479014,0.0,6,33,0.18536585365853658,"Peterson, B.",incoming
279,1,0.08356838676805328,0.14508934896822204,0.0,6,33,0.18536585365853658,"Dontcheva, M.",incoming
703,1,0.08356838676805328,0.14508934896822204,0.0,6,33,0.18536585365853658,"Li, W.",incoming
913,1,0.08356838676805328,0.14508934896822204,0.0,6,33,0.18536585365853658,"Popovic, J.",incoming
1031,1,0.08356838676805328,0.14508934896822204,0.0,6,33,0.18536585365853658,"Schweickart, E.",incoming
27,1,0.11005641638243568,0.14482586952094317,0.0034909934557552148,7,33,0.18536585365853658,"Alsallakh, B.",
58,1,0.09221091275961267,0.14352269732969294,0.0,7,33,0.18536585365853658,"Bainbridge, C.M.",incoming
112,1,0.09221091275961267,0.14352269732969294,0.0,7,33,0.18536585365853658,"Borkin, D.",incoming
113,1,0.09221091275961267,0.14352269732969294,0.0,7,33,0.18536585365853658,"Borkin, M.",
156,1,0.09221091275961267,0.14352269732969294,0.0,7,33,0.18536585365853658,"Bylinskii, Z.",
852,1,0.09221091275961267,0.14352269732969294,0.0,7,33,0.18536585365853658,"Oliva, A.",
1273,1,0.09221091275961267,0.14352269732969294,0.0,7,33,0.18536585365853658,"Wook, N.",incoming
1300,1,0.09221091275961267,0.14352269732969294,0.0,7,33,0.18536585365853658,"Yeh, C.S.",
697,1,0.11115027808456752,0.1459745798954229,0.04688218170675655,8,33,0.18536585365853658,"Lex, A.",
721,1,0.08506126765443568,0.147504523087915,0.030099358115681627,8,33,0.18536585365853658,"Liu, Z.",
115,1,0.1329569397886265,0.1450014160294534,0.00020792750990391562,9,33,0.18536585365853658,"Borowsky, M.",incoming
361,1,0.1802456863393911,0.143695096966125,0.0,9,33,0.18536585365853658,"Fredericks, C.",incoming
497,1,0.1802456863393911,0.143695096966125,0.0,9,33,0.18536585365853658,"Higgins, D.",incoming
528,1,0.1802456863393911,0.143695096966125,0.0,9,33,0.18536585365853658,"Huff, C.",incoming
625,1,0.1802456863393911,0.143695096966125,0.0,9,33,0.18536585365853658,"King, G.",incoming
640,1,0.1802456863393911,0.143695096966125,0.0,9,33,0.18536585365853658,"Komisarchik, M.",incoming
1030,1,0.1802456863393911,0.143695096966125,0.0,9,33,0.18536585365853658,"Schwab, M.",incoming
1111,1,0.1802456863393911,0.143695096966125,0.0,9,33,0.18536585365853658,"Strezhnev, A.",incoming
619,1,0.11970803141472827,0.15356375895288712,0.00344797680264028,10,33,0.18536585365853658,"Kim, N.W.",incoming
1167,1,0.18509116904171563,0.14378145219266714,4.3774212611350656e-05,10,33,0.18536585365853658,"Tompkin, J.",incoming
1112,1,0.2828221162453487,0.14615292391484308,0.0020956904287684126,22,33,0.18536585365853658,"Strobelt, H.",
899,1,0.49010981683763594,0.17670039619541958,0.17499215626251863,49,33,0.18536585365853658,"Pfister, H.",
